step,track,model,dataset,MAE,RMSE,SMAPE,Memory in Mb,Time in s
2,Forecasting,Holt-Winters,AirlinePassengers (target only),7.884147262094632,9.07932246138504,5.962379245990515,0.0044384002685546875,0.000453
4,Forecasting,Holt-Winters,AirlinePassengers (target only),11.867701708293463,14.882891835447225,8.583821885486362,0.0044384002685546875,0.001719
6,Forecasting,Holt-Winters,AirlinePassengers (target only),18.536078317269492,22.828674468791352,12.828348620044537,0.0044384002685546875,0.0032570000000000003
8,Forecasting,Holt-Winters,AirlinePassengers (target only),19.100451052215863,23.09115769716732,13.24484612831933,0.0044384002685546875,0.005033
10,Forecasting,Holt-Winters,AirlinePassengers (target only),21.498062859563547,25.4810156253588,14.92064349211242,0.0044384002685546875,0.007033
12,Forecasting,Holt-Winters,AirlinePassengers (target only),20.011984611840607,24.162853219683644,13.79590016133698,0.0044384002685546875,0.009255
14,Forecasting,Holt-Winters,AirlinePassengers (target only),20.39841514914593,24.22879881650687,13.879886190509495,0.0044384002685546875,0.011708999999999999
16,Forecasting,Holt-Winters,AirlinePassengers (target only),20.723898736219986,24.206789606304092,13.867300869370997,0.0044384002685546875,0.014374999999999999
18,Forecasting,Holt-Winters,AirlinePassengers (target only),21.213430321807383,24.473964457332087,13.865880817282612,0.0044384002685546875,0.017273999999999998
20,Forecasting,Holt-Winters,AirlinePassengers (target only),20.926917452466423,24.24247944169112,13.537596185062256,0.0044384002685546875,0.020470999999999996
22,Forecasting,Holt-Winters,AirlinePassengers (target only),22.005998554193216,25.286884065157775,14.017255320778983,0.0044384002685546875,0.023900999999999995
24,Forecasting,Holt-Winters,AirlinePassengers (target only),21.073474604843174,24.461725679451146,13.350037345715984,0.0044384002685546875,0.027555999999999994
26,Forecasting,Holt-Winters,AirlinePassengers (target only),20.023096735502005,23.668581603547054,12.634582959729238,0.0044384002685546875,0.03144399999999999
28,Forecasting,Holt-Winters,AirlinePassengers (target only),19.9850095819031,23.837307173294096,12.419555407014812,0.0044384002685546875,0.03555799999999999
30,Forecasting,Holt-Winters,AirlinePassengers (target only),21.284419870819956,25.351963636831403,12.843213797801084,0.0044384002685546875,0.03989899999999999
32,Forecasting,Holt-Winters,AirlinePassengers (target only),21.153041460437443,25.285755900982668,12.628049841449364,0.0044384002685546875,0.04447299999999999
34,Forecasting,Holt-Winters,AirlinePassengers (target only),21.91150515413341,25.98363276063911,12.87705585796663,0.0044384002685546875,0.04927399999999999
36,Forecasting,Holt-Winters,AirlinePassengers (target only),21.71221181560432,25.64853355148287,12.648634658058157,0.0044384002685546875,0.054306999999999994
38,Forecasting,Holt-Winters,AirlinePassengers (target only),21.72384429495409,25.518198297496852,12.506939891726319,0.0044384002685546875,0.05955699999999999
40,Forecasting,Holt-Winters,AirlinePassengers (target only),22.08800439309887,25.758761104906483,12.519361547068906,0.0044384002685546875,0.06502799999999999
42,Forecasting,Holt-Winters,AirlinePassengers (target only),22.29585673805003,25.928296245380174,12.430506778512973,0.0044384002685546875,0.07072499999999998
44,Forecasting,Holt-Winters,AirlinePassengers (target only),22.58760412107491,26.316604157240665,12.440776024291281,0.0044384002685546875,0.07664699999999998
46,Forecasting,Holt-Winters,AirlinePassengers (target only),23.979788635055698,28.241589086688784,12.968884602438226,0.0044384002685546875,0.08278999999999997
48,Forecasting,Holt-Winters,AirlinePassengers (target only),24.404994168133356,28.74506976231781,13.083135160159292,0.0044384002685546875,0.08914799999999998
50,Forecasting,Holt-Winters,AirlinePassengers (target only),23.966650842343647,28.378730776489547,12.806933691970881,0.0044384002685546875,0.09572599999999998
52,Forecasting,Holt-Winters,AirlinePassengers (target only),24.602007000679688,29.270149448258845,12.960060734277969,0.0049419403076171875,0.10252599999999998
54,Forecasting,Holt-Winters,AirlinePassengers (target only),25.866706338991843,31.081866604840904,13.322843041939247,0.0049419403076171875,0.10954199999999997
56,Forecasting,Holt-Winters,AirlinePassengers (target only),25.793300652129066,31.046174257699406,13.193069176932251,0.0049419403076171875,0.11678499999999997
58,Forecasting,Holt-Winters,AirlinePassengers (target only),26.249407469624888,31.456978847008326,13.300388653135256,0.0049419403076171875,0.12425099999999997
60,Forecasting,Holt-Winters,AirlinePassengers (target only),25.970068926512937,31.131904355737884,13.097506838940951,0.0049419403076171875,0.13194399999999998
62,Forecasting,Holt-Winters,AirlinePassengers (target only),25.59080284728949,30.74822785939661,12.853680061151687,0.0049419403076171875,0.13985699999999998
64,Forecasting,Holt-Winters,AirlinePassengers (target only),26.23314157124227,31.768859532195613,12.950702144009757,0.0044384002685546875,0.14800399999999997
66,Forecasting,Holt-Winters,AirlinePassengers (target only),27.55068108199771,33.80056495433759,13.241759796151964,0.0044384002685546875,0.15637799999999996
68,Forecasting,Holt-Winters,AirlinePassengers (target only),27.603225374167963,33.89316541585914,13.14860406020927,0.0044384002685546875,0.16498499999999997
70,Forecasting,Holt-Winters,AirlinePassengers (target only),28.23020523349448,34.59235822791088,13.26889175517707,0.0044384002685546875,0.17387299999999997
72,Forecasting,Holt-Winters,AirlinePassengers (target only),28.133334762319276,34.41248943679076,13.13188281624103,0.0044384002685546875,0.18317499999999998
74,Forecasting,Holt-Winters,AirlinePassengers (target only),27.69996028357422,34.03307089383501,12.885065351072866,0.0044384002685546875,0.19282199999999997
76,Forecasting,Holt-Winters,AirlinePassengers (target only),28.134766523703792,34.72038329885882,12.88398748194779,0.0044384002685546875,0.20272599999999996
78,Forecasting,Holt-Winters,AirlinePassengers (target only),29.163879934325948,36.17984175479647,13.03641252005527,0.0044384002685546875,0.21292399999999997
80,Forecasting,Holt-Winters,AirlinePassengers (target only),29.365014901663123,36.39245647379062,12.989529805020783,0.0044384002685546875,0.22342099999999998
82,Forecasting,Holt-Winters,AirlinePassengers (target only),30.25848394163212,37.497068224908276,13.165717397862819,0.0044384002685546875,0.23417
84,Forecasting,Holt-Winters,AirlinePassengers (target only),30.408159323114482,37.57524063581501,13.115323869647789,0.0044384002685546875,0.24514999999999998
86,Forecasting,Holt-Winters,AirlinePassengers (target only),30.088997031680396,37.26764128114918,12.925763373900764,0.0044384002685546875,0.256359
88,Forecasting,Holt-Winters,AirlinePassengers (target only),30.631688546222776,38.14475416842979,12.95138881469049,0.0044384002685546875,0.267785
90,Forecasting,Holt-Winters,AirlinePassengers (target only),31.8638318854959,40.01861296822078,13.132475735480714,0.0044384002685546875,0.279432
92,Forecasting,Holt-Winters,AirlinePassengers (target only),32.02346020455772,40.20373852449118,13.072349423822468,0.0044384002685546875,0.291364
94,Forecasting,Holt-Winters,AirlinePassengers (target only),32.95285211966356,41.3507715054935,13.236206636985703,0.0044384002685546875,0.303523
96,Forecasting,Holt-Winters,AirlinePassengers (target only),33.46536097168334,41.86448546920939,13.290004861088656,0.0044384002685546875,0.315918
98,Forecasting,Holt-Winters,AirlinePassengers (target only),33.40201137594804,41.76592128490151,13.189462791919816,0.0044384002685546875,0.328547
100,Forecasting,Holt-Winters,AirlinePassengers (target only),33.685231020922686,42.239745689083485,13.158953769566992,0.0044384002685546875,0.34149799999999997
102,Forecasting,Holt-Winters,AirlinePassengers (target only),34.91579340542033,44.20759566558568,13.34081840470318,0.0044384002685546875,0.354732
104,Forecasting,Holt-Winters,AirlinePassengers (target only),35.00618688283191,44.3900117452354,13.275744734608258,0.0044384002685546875,0.368203
106,Forecasting,Holt-Winters,AirlinePassengers (target only),35.70835363998705,45.13800244612185,13.394406196631111,0.0044384002685546875,0.381905
108,Forecasting,Holt-Winters,AirlinePassengers (target only),35.835408309933264,45.16556762156725,13.356811349497251,0.0044384002685546875,0.395834
110,Forecasting,Holt-Winters,AirlinePassengers (target only),35.60780719388857,44.91067487047851,13.224132949074672,0.0044384002685546875,0.409982
112,Forecasting,Holt-Winters,AirlinePassengers (target only),36.16478726409267,45.69585963859999,13.260825484396387,0.0044384002685546875,0.42438400000000004
114,Forecasting,Holt-Winters,AirlinePassengers (target only),37.354395467491386,47.58182328624312,13.409329597299102,0.0044384002685546875,0.439103
116,Forecasting,Holt-Winters,AirlinePassengers (target only),37.364423153337434,47.67468754234225,13.322559958300673,0.0049419403076171875,0.45408000000000004
118,Forecasting,Holt-Winters,AirlinePassengers (target only),37.78171441050103,48.044162641146954,13.346487890813414,0.0049419403076171875,0.46928700000000007
120,Forecasting,Holt-Winters,AirlinePassengers (target only),37.89549600332419,48.063498628108924,13.296995825518206,0.0049419403076171875,0.48472600000000005
122,Forecasting,Holt-Winters,AirlinePassengers (target only),37.592627743176074,47.77425696735016,13.152668529680815,0.0049419403076171875,0.500538
124,Forecasting,Holt-Winters,AirlinePassengers (target only),38.086738538907404,48.541543523068405,13.159665454554656,0.0049419403076171875,0.516611
126,Forecasting,Holt-Winters,AirlinePassengers (target only),39.0852105502036,50.13122013688915,13.247646044396834,0.0049419403076171875,0.5329170000000001
128,Forecasting,Holt-Winters,AirlinePassengers (target only),39.14330419549604,50.219475546022764,13.176426861808894,0.0044384002685546875,0.5494510000000001
129,Forecasting,Holt-Winters,AirlinePassengers (target only),39.44065060287832,50.53018644138677,13.204556814435373,0.0044384002685546875,0.5662150000000001
20,Forecasting,Holt-Winters,TrumpApproval (target only),0.7941839283496104,0.9986258535626276,1.8494905271205886,0.0044307708740234375,0.000697
40,Forecasting,Holt-Winters,TrumpApproval (target only),0.7433331418267816,0.9256819433290241,1.7758731834339916,0.0044307708740234375,0.002
60,Forecasting,Holt-Winters,TrumpApproval (target only),0.636308750210463,0.82651952335081,1.5201623152395536,0.0049343109130859375,0.003916
80,Forecasting,Holt-Winters,TrumpApproval (target only),0.673073510058915,0.8341075215062469,1.635810257853696,0.0044307708740234375,0.0064010000000000004
100,Forecasting,Holt-Winters,TrumpApproval (target only),0.6154810710902858,0.77286051957818,1.5090005161368363,0.0044307708740234375,0.009505
120,Forecasting,Holt-Winters,TrumpApproval (target only),0.581823839792337,0.7416501362363125,1.433073941999193,0.0049343109130859375,0.013182
140,Forecasting,Holt-Winters,TrumpApproval (target only),0.5308355437513266,0.6957746885270526,1.3116465613506996,0.0044307708740234375,0.017416
160,Forecasting,Holt-Winters,TrumpApproval (target only),0.5462378326348538,0.7031364652879732,1.3671479378617102,0.0044307708740234375,0.022194000000000002
180,Forecasting,Holt-Winters,TrumpApproval (target only),0.5470942261386413,0.6970746331233336,1.3791349177595145,0.0049343109130859375,0.027569000000000003
200,Forecasting,Holt-Winters,TrumpApproval (target only),0.5326044122512408,0.6806501906793097,1.344245987390306,0.0044307708740234375,0.033609
220,Forecasting,Holt-Winters,TrumpApproval (target only),0.5166260398824957,0.6611346892521951,1.3070095850492807,0.0044307708740234375,0.040212
240,Forecasting,Holt-Winters,TrumpApproval (target only),0.5042218730546301,0.6476572975248763,1.2798402353260763,0.0044307708740234375,0.047362
260,Forecasting,Holt-Winters,TrumpApproval (target only),0.47755302020199736,0.6245373326851099,1.2132329173235323,0.0044307708740234375,0.055062
280,Forecasting,Holt-Winters,TrumpApproval (target only),0.47401692369401155,0.6152424883050207,1.2081797276441986,0.0044307708740234375,0.063314
300,Forecasting,Holt-Winters,TrumpApproval (target only),0.4727128581826956,0.6077975305337104,1.2081979638163574,0.0044307708740234375,0.072215
320,Forecasting,Holt-Winters,TrumpApproval (target only),0.470039079614005,0.6090181442199262,1.2008926704002447,0.0044307708740234375,0.081679
340,Forecasting,Holt-Winters,TrumpApproval (target only),0.46809233112215404,0.608207264674949,1.1947177426337048,0.0044307708740234375,0.09170400000000001
360,Forecasting,Holt-Winters,TrumpApproval (target only),0.48702158736425827,0.6309136180853481,1.2394709086041416,0.0044307708740234375,0.102262
380,Forecasting,Holt-Winters,TrumpApproval (target only),0.4742200070098118,0.6176486044602311,1.2058832162456607,0.0049343109130859375,0.11333700000000001
400,Forecasting,Holt-Winters,TrumpApproval (target only),0.467690630793318,0.6090419621713313,1.1881561193850825,0.0044307708740234375,0.124972
420,Forecasting,Holt-Winters,TrumpApproval (target only),0.46625988235962035,0.6061501511871386,1.1824346334329483,0.0044307708740234375,0.137134
440,Forecasting,Holt-Winters,TrumpApproval (target only),0.4539794503407707,0.594154981941733,1.1497419580865935,0.0049343109130859375,0.149813
460,Forecasting,Holt-Winters,TrumpApproval (target only),0.45337615188477937,0.5918424242547713,1.1454287219062214,0.0044307708740234375,0.163007
480,Forecasting,Holt-Winters,TrumpApproval (target only),0.4487954529933963,0.5853941079714401,1.1316630561337708,0.0044307708740234375,0.17675200000000002
500,Forecasting,Holt-Winters,TrumpApproval (target only),0.4399457516399597,0.5763535901353496,1.108156765251797,0.0049343109130859375,0.19107300000000002
520,Forecasting,Holt-Winters,TrumpApproval (target only),0.43250594934146364,0.5678801343761345,1.0883386401851975,0.0044307708740234375,0.20592400000000002
540,Forecasting,Holt-Winters,TrumpApproval (target only),0.4343766818149059,0.5714002992746893,1.091492308276471,0.0044307708740234375,0.22129700000000002
560,Forecasting,Holt-Winters,TrumpApproval (target only),0.4364150225398854,0.5719248823083709,1.0960469108587323,0.0044307708740234375,0.23720600000000003
580,Forecasting,Holt-Winters,TrumpApproval (target only),0.43359997563459673,0.5677642221850359,1.0874264688434239,0.0044307708740234375,0.25364000000000003
600,Forecasting,Holt-Winters,TrumpApproval (target only),0.43395383747194516,0.5658855870051107,1.0859961177660515,0.0044307708740234375,0.27064400000000005
620,Forecasting,Holt-Winters,TrumpApproval (target only),0.429076928952141,0.5599875818780093,1.0725462645061725,0.0044307708740234375,0.28820200000000007
640,Forecasting,Holt-Winters,TrumpApproval (target only),0.4246688544957541,0.5541406923488363,1.0602008460040606,0.0044307708740234375,0.30630000000000007
660,Forecasting,Holt-Winters,TrumpApproval (target only),0.4193795708236041,0.5483473683817583,1.046153522251517,0.0044307708740234375,0.3249100000000001
680,Forecasting,Holt-Winters,TrumpApproval (target only),0.41381212025529684,0.5426264356044058,1.0320759487603854,0.0044307708740234375,0.3440270000000001
700,Forecasting,Holt-Winters,TrumpApproval (target only),0.41403256980691205,0.5407608276535629,1.032916021742287,0.0049343109130859375,0.36368800000000007
720,Forecasting,Holt-Winters,TrumpApproval (target only),0.4199144474563369,0.5469348893442888,1.0457139301183147,0.0044307708740234375,0.38385500000000006
740,Forecasting,Holt-Winters,TrumpApproval (target only),0.41614343544054194,0.5428763852000649,1.0355638616880638,0.0044307708740234375,0.40453800000000006
760,Forecasting,Holt-Winters,TrumpApproval (target only),0.40944295782855405,0.5370631043042564,1.0184321954652547,0.0049343109130859375,0.42573200000000005
780,Forecasting,Holt-Winters,TrumpApproval (target only),0.4075412946907244,0.535180070455504,1.0130016673339093,0.0044307708740234375,0.44743700000000003
800,Forecasting,Holt-Winters,TrumpApproval (target only),0.4128620831933254,0.5403069920745814,1.0245267194035113,0.0044307708740234375,0.46969700000000003
820,Forecasting,Holt-Winters,TrumpApproval (target only),0.4100792087886612,0.5366860005811513,1.0171335055308617,0.0049343109130859375,0.492474
840,Forecasting,Holt-Winters,TrumpApproval (target only),0.40660158540353525,0.5325001978451507,1.00774070767114,0.0044307708740234375,0.515781
860,Forecasting,Holt-Winters,TrumpApproval (target only),0.4010042773631846,0.5271552318894,0.9933869570501932,0.0044307708740234375,0.539614
880,Forecasting,Holt-Winters,TrumpApproval (target only),0.3960039806686414,0.5220677364582906,0.9804885921951191,0.0044307708740234375,0.563963
900,Forecasting,Holt-Winters,TrumpApproval (target only),0.3925779281044218,0.5179545810352278,0.9715592516307568,0.0044307708740234375,0.588898
920,Forecasting,Holt-Winters,TrumpApproval (target only),0.38963832495570083,0.5139144157414458,0.9639294101471734,0.0044307708740234375,0.6143620000000001
940,Forecasting,Holt-Winters,TrumpApproval (target only),0.3943648999491002,0.5218209889061823,0.9742424604860697,0.0044307708740234375,0.640344
960,Forecasting,Holt-Winters,TrumpApproval (target only),0.3947083381068714,0.5208985575657689,0.9746204168891863,0.0044307708740234375,0.666845
980,Forecasting,Holt-Winters,TrumpApproval (target only),0.3930257252994183,0.5181431886730926,0.9702540705171402,0.0044307708740234375,0.693867
986,Forecasting,Holt-Winters,TrumpApproval (target only),0.39309897687895656,0.5179231134678339,0.9702806937797446,0.0044307708740234375,0.721287
2,Forecasting,SNARIMAX,AirlinePassengers (target only),16.718095437677793,17.684149915138768,13.219982732358826,0.008306503295898438,0.00052
4,Forecasting,SNARIMAX,AirlinePassengers (target only),15.43587299530487,17.265948729072615,11.590843086101339,0.008386611938476562,0.001605
6,Forecasting,SNARIMAX,AirlinePassengers (target only),21.674209559490713,24.919215182952783,15.418066266141087,0.008466720581054688,0.003294
8,Forecasting,SNARIMAX,AirlinePassengers (target only),22.27509301101817,25.757976957412478,15.62387056684095,0.008466720581054688,0.005507
10,Forecasting,SNARIMAX,AirlinePassengers (target only),23.27896550601452,27.08642516828419,16.33791980748935,0.008440017700195312,0.008226
12,Forecasting,SNARIMAX,AirlinePassengers (target only),24.371001621925014,28.235642195633517,17.218377788743958,0.008440017700195312,0.011434
14,Forecasting,SNARIMAX,AirlinePassengers (target only),23.41421336778853,27.24187358754029,16.331000729529855,0.008413314819335938,0.015143
16,Forecasting,SNARIMAX,AirlinePassengers (target only),22.05559216982241,25.999971639721984,15.214234271311964,0.008413314819335938,0.019324
18,Forecasting,SNARIMAX,AirlinePassengers (target only),21.616564399298333,25.405149301530628,14.621220202859057,0.008413314819335938,0.023984000000000002
20,Forecasting,SNARIMAX,AirlinePassengers (target only),21.59904710251138,25.338589403639673,14.372505170697233,0.008440017700195312,0.029269000000000003
22,Forecasting,SNARIMAX,AirlinePassengers (target only),21.460788347974216,25.343766766382437,14.14705103318101,0.008916854858398438,0.035075
24,Forecasting,SNARIMAX,AirlinePassengers (target only),21.131250908186285,24.871437551266457,13.82852491761144,0.008943557739257812,0.041388
26,Forecasting,SNARIMAX,AirlinePassengers (target only),20.273887693392638,24.155374110822645,13.187986481674674,0.008943557739257812,0.048182
28,Forecasting,SNARIMAX,AirlinePassengers (target only),20.14787969357028,23.978745316583282,12.897179275879953,0.008943557739257812,0.055444
30,Forecasting,SNARIMAX,AirlinePassengers (target only),21.372601543041462,25.408133056332815,13.256799375172092,0.008970260620117188,0.063189
32,Forecasting,SNARIMAX,AirlinePassengers (target only),21.7911507011011,25.67598492681574,13.268096043145523,0.008943557739257812,0.071402
34,Forecasting,SNARIMAX,AirlinePassengers (target only),22.07118960952735,26.189468414401315,13.261387663905225,0.008440017700195312,0.080089
36,Forecasting,SNARIMAX,AirlinePassengers (target only),21.708234475337015,25.941838415578818,12.95547439969004,0.008413314819335938,0.089235
38,Forecasting,SNARIMAX,AirlinePassengers (target only),21.85888182442191,25.985323677247088,12.863678161311128,0.008386611938476562,0.09884399999999999
40,Forecasting,SNARIMAX,AirlinePassengers (target only),21.875778209761265,26.02504737154383,12.72010773548423,0.008359909057617188,0.10892099999999999
42,Forecasting,SNARIMAX,AirlinePassengers (target only),21.45919253658798,25.606745378529844,12.35875007019109,0.008386611938476562,0.11947499999999998
44,Forecasting,SNARIMAX,AirlinePassengers (target only),22.11686677294315,26.329819139445714,12.500252234242414,0.008440017700195312,0.13050599999999998
46,Forecasting,SNARIMAX,AirlinePassengers (target only),22.70861177087632,27.08232876349394,12.681530068246149,0.008440017700195312,0.14200999999999997
48,Forecasting,SNARIMAX,AirlinePassengers (target only),22.40621237636161,26.84683132770632,12.467262302253316,0.008413314819335938,0.15396499999999996
50,Forecasting,SNARIMAX,AirlinePassengers (target only),22.077669067368205,26.591402942419165,12.231947565072492,0.008440017700195312,0.16637699999999997
52,Forecasting,SNARIMAX,AirlinePassengers (target only),22.43091000154352,27.02026924162883,12.251662611309946,0.008466720581054688,0.17924499999999996
54,Forecasting,SNARIMAX,AirlinePassengers (target only),23.208474821116038,28.129289859951438,12.404632240798405,0.008466720581054688,0.19256099999999995
56,Forecasting,SNARIMAX,AirlinePassengers (target only),23.827255471006808,28.841897116420334,12.523898579207083,0.008493423461914062,0.20636199999999996
58,Forecasting,SNARIMAX,AirlinePassengers (target only),23.87794426788395,28.854072571962195,12.472331980697728,0.008493423461914062,0.22060299999999997
60,Forecasting,SNARIMAX,AirlinePassengers (target only),23.95871446884174,28.89265309028494,12.437926845179597,0.008493423461914062,0.23528299999999996
62,Forecasting,SNARIMAX,AirlinePassengers (target only),23.737790794378984,28.760803007882398,12.257370008502026,0.008493423461914062,0.25039999999999996
64,Forecasting,SNARIMAX,AirlinePassengers (target only),23.903708814347592,29.108201471986668,12.172680102561934,0.008493423461914062,0.26598799999999995
66,Forecasting,SNARIMAX,AirlinePassengers (target only),24.346926216903167,29.791114035436472,12.1648093268455,0.008466720581054688,0.28201399999999993
68,Forecasting,SNARIMAX,AirlinePassengers (target only),24.916745009754226,30.53371997401477,12.232802992023869,0.008466720581054688,0.29848099999999994
70,Forecasting,SNARIMAX,AirlinePassengers (target only),25.03134142688161,30.733250791129187,12.186592870157922,0.008466720581054688,0.31538299999999997
72,Forecasting,SNARIMAX,AirlinePassengers (target only),25.001976679791145,30.691959472171614,12.088818334296631,0.008466720581054688,0.332717
74,Forecasting,SNARIMAX,AirlinePassengers (target only),24.79675576526442,30.495583901461693,11.919359478044125,0.008466720581054688,0.350485
76,Forecasting,SNARIMAX,AirlinePassengers (target only),24.95179451294092,30.731570064914116,11.835023758170594,0.008466720581054688,0.368686
78,Forecasting,SNARIMAX,AirlinePassengers (target only),25.260013823635965,31.171263389897856,11.786917278568016,0.008493423461914062,0.387324
80,Forecasting,SNARIMAX,AirlinePassengers (target only),25.91608578223917,31.94211409695733,11.865299427463336,0.008493423461914062,0.40641
82,Forecasting,SNARIMAX,AirlinePassengers (target only),26.159371120431874,32.377415371933054,11.855753308109515,0.008493423461914062,0.425935
84,Forecasting,SNARIMAX,AirlinePassengers (target only),26.050448290752815,32.249658152173815,11.739254297239128,0.008493423461914062,0.445889
86,Forecasting,SNARIMAX,AirlinePassengers (target only),25.945619762675136,32.168575016471344,11.617027823051524,0.008996963500976562,0.46629299999999996
88,Forecasting,SNARIMAX,AirlinePassengers (target only),26.252817580544466,32.62818335835113,11.58393595310532,0.008996963500976562,0.48714299999999994
90,Forecasting,SNARIMAX,AirlinePassengers (target only),26.692705499167758,33.123769058519116,11.568389145492844,0.008996963500976562,0.5084359999999999
92,Forecasting,SNARIMAX,AirlinePassengers (target only),27.19045549225806,33.684200522822536,11.59571726821427,0.008996963500976562,0.5301599999999999
94,Forecasting,SNARIMAX,AirlinePassengers (target only),27.374281171072823,34.0108494025883,11.567167222941979,0.008996963500976562,0.5523189999999999
96,Forecasting,SNARIMAX,AirlinePassengers (target only),27.223693473794103,33.82294821902031,11.45175817014644,0.008996963500976562,0.5749059999999999
98,Forecasting,SNARIMAX,AirlinePassengers (target only),27.23800485444835,33.73669658966167,11.37989538566757,0.008493423461914062,0.5979269999999999
100,Forecasting,SNARIMAX,AirlinePassengers (target only),27.461046724260054,34.08935149833198,11.339532359884531,0.008493423461914062,0.6213769999999998
102,Forecasting,SNARIMAX,AirlinePassengers (target only),28.161189203674194,34.97707919242327,11.39692411734833,0.008493423461914062,0.6452619999999999
104,Forecasting,SNARIMAX,AirlinePassengers (target only),28.927928596695207,36.01766186451523,11.496670101459593,0.008493423461914062,0.6695709999999999
106,Forecasting,SNARIMAX,AirlinePassengers (target only),29.296689197536747,36.51379177887414,11.54098787889853,0.008493423461914062,0.694317
108,Forecasting,SNARIMAX,AirlinePassengers (target only),29.215508168798095,36.523292341637394,11.457541223305418,0.008493423461914062,0.719618
110,Forecasting,SNARIMAX,AirlinePassengers (target only),29.446013906980756,36.8341642555132,11.452118493233366,0.008493423461914062,0.745368
112,Forecasting,SNARIMAX,AirlinePassengers (target only),29.814539524458556,37.2444564655337,11.451736101883508,0.008493423461914062,0.7715580000000001
114,Forecasting,SNARIMAX,AirlinePassengers (target only),30.212406573452395,37.794226095094636,11.43413060113517,0.008493423461914062,0.7981910000000001
116,Forecasting,SNARIMAX,AirlinePassengers (target only),30.771739752402198,38.489352373178974,11.468311399114448,0.008493423461914062,0.8252610000000001
118,Forecasting,SNARIMAX,AirlinePassengers (target only),30.98864431478527,38.62245889465416,11.45895884179838,0.008493423461914062,0.8527700000000001
120,Forecasting,SNARIMAX,AirlinePassengers (target only),30.9446459310792,38.50726916484653,11.387511159058581,0.008493423461914062,0.8807130000000002
122,Forecasting,SNARIMAX,AirlinePassengers (target only),30.68723251271161,38.27320014629713,11.259222040188925,0.008466720581054688,0.9090920000000002
124,Forecasting,SNARIMAX,AirlinePassengers (target only),31.31765310421565,39.363417973231506,11.303917636061364,0.008466720581054688,0.9379070000000003
126,Forecasting,SNARIMAX,AirlinePassengers (target only),31.77518574483859,40.071535746620945,11.294915988814923,0.008440017700195312,0.9671590000000003
128,Forecasting,SNARIMAX,AirlinePassengers (target only),32.65437419830713,41.59179736355638,11.384290028940786,0.008466720581054688,0.9968770000000003
129,Forecasting,SNARIMAX,AirlinePassengers (target only),32.77267354614713,41.739152067148645,11.378016281231828,0.008466720581054688,1.0269710000000003
20,Forecasting,SNARIMAX,TrumpApproval (target only),0.577940049068608,0.6882654834736649,1.363323778598646,0.008230209350585938,0.002004
40,Forecasting,SNARIMAX,TrumpApproval (target only),0.5329170390174027,0.6432346332049714,1.2772267100882293,0.008230209350585938,0.006137999999999999
60,Forecasting,SNARIMAX,TrumpApproval (target only),0.47705164570634945,0.5883122304023339,1.142684547796142,0.008230209350585938,0.012611999999999998
80,Forecasting,SNARIMAX,TrumpApproval (target only),0.4657264905928302,0.575769116790027,1.1293969391370184,0.008230209350585938,0.021286
100,Forecasting,SNARIMAX,TrumpApproval (target only),0.4264346659947157,0.536950498487891,1.0433663315555508,0.008230209350585938,0.032352
120,Forecasting,SNARIMAX,TrumpApproval (target only),0.43386592900575416,0.5556109433873062,1.0695863600896114,0.008230209350585938,0.045569
140,Forecasting,SNARIMAX,TrumpApproval (target only),0.40986472391167317,0.5305627883786259,1.015171884935108,0.008230209350585938,0.060863
160,Forecasting,SNARIMAX,TrumpApproval (target only),0.4119813575226035,0.5346036635024969,1.0310965372883691,0.008733749389648438,0.078199
180,Forecasting,SNARIMAX,TrumpApproval (target only),0.4116823233060805,0.5330983450613422,1.0374540501200946,0.008230209350585938,0.097596
200,Forecasting,SNARIMAX,TrumpApproval (target only),0.4102259538308491,0.5285438621132668,1.0357370790925233,0.008230209350585938,0.119151
220,Forecasting,SNARIMAX,TrumpApproval (target only),0.40156794352967506,0.5177103685140371,1.016630978281969,0.008733749389648438,0.142738
240,Forecasting,SNARIMAX,TrumpApproval (target only),0.39212927729731606,0.5070323694034465,0.9958908032327753,0.008230209350585938,0.168348
260,Forecasting,SNARIMAX,TrumpApproval (target only),0.3738736077372813,0.49015686642480494,0.950581397298655,0.008230209350585938,0.19597799999999999
280,Forecasting,SNARIMAX,TrumpApproval (target only),0.3710770586382945,0.48564597732284864,0.946813796214234,0.008733749389648438,0.225653
300,Forecasting,SNARIMAX,TrumpApproval (target only),0.36558284521108014,0.47748619643946605,0.9344740776122694,0.008230209350585938,0.257457
320,Forecasting,SNARIMAX,TrumpApproval (target only),0.3715462280809304,0.48352127944420825,0.9494893758138861,0.008230209350585938,0.291296
340,Forecasting,SNARIMAX,TrumpApproval (target only),0.3711376393992425,0.48307311003563547,0.9470816948208928,0.008230209350585938,0.327156
360,Forecasting,SNARIMAX,TrumpApproval (target only),0.38052247889673135,0.4954881919316959,0.9689438990329188,0.008230209350585938,0.36504000000000003
380,Forecasting,SNARIMAX,TrumpApproval (target only),0.374891150374619,0.48889879675333675,0.9534193831013039,0.008230209350585938,0.405121
400,Forecasting,SNARIMAX,TrumpApproval (target only),0.37032737697769114,0.4825110627101196,0.9408709811108744,0.008230209350585938,0.447376
420,Forecasting,SNARIMAX,TrumpApproval (target only),0.3698214481001449,0.48095649141438535,0.9378483854358782,0.008230209350585938,0.491804
440,Forecasting,SNARIMAX,TrumpApproval (target only),0.3612981964074905,0.472318841971901,0.9148206020858511,0.008230209350585938,0.538355
460,Forecasting,SNARIMAX,TrumpApproval (target only),0.3617099020998102,0.4715401635175681,0.9135099583761808,0.008230209350585938,0.587195
480,Forecasting,SNARIMAX,TrumpApproval (target only),0.3561631167992475,0.4652027883837545,0.898036056601499,0.008733749389648438,0.63812
500,Forecasting,SNARIMAX,TrumpApproval (target only),0.35127885509059387,0.45950207448577757,0.8844712958469435,0.008230209350585938,0.691152
520,Forecasting,SNARIMAX,TrumpApproval (target only),0.3440550989903403,0.4524980888377416,0.8655485739877643,0.008230209350585938,0.746223
540,Forecasting,SNARIMAX,TrumpApproval (target only),0.3462117881917776,0.45699367295593674,0.86960562571268,0.008733749389648438,0.80333
560,Forecasting,SNARIMAX,TrumpApproval (target only),0.34804029610407033,0.45749126426323,0.8736715071507486,0.008230209350585938,0.862734
580,Forecasting,SNARIMAX,TrumpApproval (target only),0.34505450050642683,0.4534883698336996,0.8650430477241832,0.008230209350585938,0.924229
600,Forecasting,SNARIMAX,TrumpApproval (target only),0.34597631874331736,0.453183626168401,0.8654633618555935,0.008733749389648438,0.987848
620,Forecasting,SNARIMAX,TrumpApproval (target only),0.3435879524630237,0.449707156093203,0.8583315831552452,0.008230209350585938,1.053543
640,Forecasting,SNARIMAX,TrumpApproval (target only),0.33937698247190773,0.44505918582516824,0.8468895994141983,0.008230209350585938,1.121344
660,Forecasting,SNARIMAX,TrumpApproval (target only),0.3347086682821348,0.44068433199513096,0.8346045268029337,0.008230209350585938,1.1912209999999999
680,Forecasting,SNARIMAX,TrumpApproval (target only),0.332108816338167,0.43771126774835606,0.8279275833654949,0.008230209350585938,1.263175
700,Forecasting,SNARIMAX,TrumpApproval (target only),0.33227115109170047,0.43651532820920563,0.8285257087023735,0.008230209350585938,1.33725
720,Forecasting,SNARIMAX,TrumpApproval (target only),0.3356754708682083,0.4409276550007232,0.8358069645964953,0.008230209350585938,1.413665
740,Forecasting,SNARIMAX,TrumpApproval (target only),0.33283554542187466,0.4375803163133093,0.8281423782087298,0.008230209350585938,1.492313
760,Forecasting,SNARIMAX,TrumpApproval (target only),0.3290140240002342,0.4335641318371228,0.8180838726790812,0.008230209350585938,1.57329
780,Forecasting,SNARIMAX,TrumpApproval (target only),0.32787795744594683,0.4323270297153032,0.8146436337025575,0.008230209350585938,1.656319
800,Forecasting,SNARIMAX,TrumpApproval (target only),0.328880456043385,0.4330941031765832,0.8161419810356296,0.008733749389648438,1.7414580000000002
820,Forecasting,SNARIMAX,TrumpApproval (target only),0.32488519782139386,0.4294493114882663,0.8059246927951667,0.008230209350585938,1.8286580000000001
840,Forecasting,SNARIMAX,TrumpApproval (target only),0.3210040895000164,0.4254664332386182,0.7958317067647486,0.008230209350585938,1.9178840000000001
860,Forecasting,SNARIMAX,TrumpApproval (target only),0.3173410210515807,0.42164111925745296,0.7862716664336183,0.008733749389648438,2.009154
880,Forecasting,SNARIMAX,TrumpApproval (target only),0.3138818294328609,0.4180545327019978,0.7772285643485016,0.008230209350585938,2.1026540000000002
900,Forecasting,SNARIMAX,TrumpApproval (target only),0.311712991051503,0.4154058164491651,0.7714589381668947,0.008230209350585938,2.1983520000000003
920,Forecasting,SNARIMAX,TrumpApproval (target only),0.30901121477829563,0.4124598352621599,0.7645010798122028,0.008733749389648438,2.2961430000000003
940,Forecasting,SNARIMAX,TrumpApproval (target only),0.31257970743152336,0.41792359765837045,0.7723047461880693,0.008230209350585938,2.3961810000000003
960,Forecasting,SNARIMAX,TrumpApproval (target only),0.31241266668663614,0.4171242778578921,0.7715283488176233,0.008230209350585938,2.4983260000000005
980,Forecasting,SNARIMAX,TrumpApproval (target only),0.3098570145384514,0.41419456607035465,0.7650800534172696,0.008230209350585938,2.6026730000000007
986,Forecasting,SNARIMAX,TrumpApproval (target only),0.31020885222709366,0.41437180274749236,0.7658051590322303,0.008733749389648438,2.707928000000001
2,Forecasting,Deep River Linear,AirlinePassengers (target only),108.00823307037354,108.16256688154658,137.29414349511967,0.01581859588623047,0.001799
4,Forecasting,Deep River Linear,AirlinePassengers (target only),107.98273007074992,108.58856586482239,130.1464173486841,0.01581859588623047,0.00543
6,Forecasting,Deep River Linear,AirlinePassengers (target only),114.74891238742404,115.65595200908182,129.7646318854467,0.01581859588623047,0.010780999999999999
8,Forecasting,Deep River Linear,AirlinePassengers (target only),113.85342383384705,114.97444800994555,129.36885090667712,0.01581859588623047,0.017853
10,Forecasting,Deep River Linear,AirlinePassengers (target only),109.99383703867595,111.358845805435,126.24395514433715,0.01581859588623047,0.026677
12,Forecasting,Deep River Linear,AirlinePassengers (target only),109.73820537990994,110.94867281035931,123.84326390550814,0.01581859588623047,0.037336
14,Forecasting,Deep River Linear,AirlinePassengers (target only),110.4817879086449,111.59375986680605,121.24262927822124,0.01581859588623047,0.049734
16,Forecasting,Deep River Linear,AirlinePassengers (target only),110.7219417889913,111.73075715265685,117.78279117760223,0.01581859588623047,0.063854
18,Forecasting,Deep River Linear,AirlinePassengers (target only),112.27619213528104,113.29137957628485,115.39515727466296,0.01581859588623047,0.07968499999999999
20,Forecasting,Deep River Linear,AirlinePassengers (target only),111.68528537750244,112.7739382700448,112.85465856856251,0.01581859588623047,0.09721199999999999
22,Forecasting,Deep River Linear,AirlinePassengers (target only),109.28563557249127,110.58575778756695,109.25742116964426,0.01632213592529297,0.116573
24,Forecasting,Deep River Linear,AirlinePassengers (target only),107.73660580317178,109.08294077911381,105.90824351583754,0.01632213592529297,0.13771
26,Forecasting,Deep River Linear,AirlinePassengers (target only),106.08243996057755,107.51999660684649,102.45997182589636,0.01632213592529297,0.160615
28,Forecasting,Deep River Linear,AirlinePassengers (target only),104.93956988198416,106.48087786642137,99.21099406903393,0.01632213592529297,0.185254
30,Forecasting,Deep River Linear,AirlinePassengers (target only),105.44697702195909,106.96034829701489,96.96025278148532,0.01632213592529297,0.211601
32,Forecasting,Deep River Linear,AirlinePassengers (target only),104.23006761074065,105.91485859743759,94.26705235431781,0.01581859588623047,0.239653
34,Forecasting,Deep River Linear,AirlinePassengers (target only),101.65903087690764,103.84714058609603,91.00177494403319,0.01581859588623047,0.269408
36,Forecasting,Deep River Linear,AirlinePassengers (target only),99.6605111228095,102.1289922354092,88.09081125124001,0.01581859588623047,0.30085799999999996
38,Forecasting,Deep River Linear,AirlinePassengers (target only),98.40871506406549,100.9460177885667,85.55714748933569,0.01581859588623047,0.33400299999999994
40,Forecasting,Deep River Linear,AirlinePassengers (target only),96.99607629776,99.65415733599313,82.98632621281365,0.01581859588623047,0.36884199999999995
42,Forecasting,Deep River Linear,AirlinePassengers (target only),96.12193694947257,98.80388361682755,80.74034858363328,0.01581859588623047,0.40537699999999993
44,Forecasting,Deep River Linear,AirlinePassengers (target only),93.81909257715398,97.18662139844639,78.0616752813747,0.01581859588623047,0.4435929999999999
46,Forecasting,Deep River Linear,AirlinePassengers (target only),90.35068885139796,95.10608394657172,74.9849404282721,0.01581859588623047,0.4835189999999999
48,Forecasting,Deep River Linear,AirlinePassengers (target only),86.96929558118184,93.13095253623979,72.04586449994655,0.01581859588623047,0.5253859999999999
50,Forecasting,Deep River Linear,AirlinePassengers (target only),84.13784004211425,91.32249231854176,69.45793575154808,0.01581859588623047,0.5689969999999999
52,Forecasting,Deep River Linear,AirlinePassengers (target only),82.33590382796066,89.9492951715931,67.37575396393777,0.01581859588623047,0.6143049999999999
54,Forecasting,Deep River Linear,AirlinePassengers (target only),81.70059795144162,89.22908352688806,65.83038733218376,0.01581859588623047,0.6612909999999999
56,Forecasting,Deep River Linear,AirlinePassengers (target only),79.95805283955164,87.95368894839574,63.97002461492695,0.01581859588623047,0.7099599999999998
58,Forecasting,Deep River Linear,AirlinePassengers (target only),77.65723671310248,86.46913059879968,61.972320039813575,0.01581859588623047,0.7603069999999998
60,Forecasting,Deep River Linear,AirlinePassengers (target only),75.34599352942571,85.03734422337682,60.02073249073196,0.01581859588623047,0.8123289999999999
62,Forecasting,Deep River Linear,AirlinePassengers (target only),73.4856531081661,83.73077751375203,58.31056487382694,0.01581859588623047,0.8660239999999999
64,Forecasting,Deep River Linear,AirlinePassengers (target only),72.34861228863397,82.81664067725482,56.87924086758595,0.01581859588623047,0.9213199999999999
66,Forecasting,Deep River Linear,AirlinePassengers (target only),72.40037997082025,82.65353043788134,55.88843283443262,0.01581859588623047,0.9784949999999999
68,Forecasting,Deep River Linear,AirlinePassengers (target only),71.40087671840891,81.82223362217614,54.63725011209827,0.01581859588623047,1.037499
70,Forecasting,Deep River Linear,AirlinePassengers (target only),69.90886497497557,80.76844019617828,53.28440491726723,0.01581859588623047,1.098387
72,Forecasting,Deep River Linear,AirlinePassengers (target only),68.15308046340941,79.6547205877038,51.86757255702215,0.01581859588623047,1.161151
74,Forecasting,Deep River Linear,AirlinePassengers (target only),66.64939418139758,78.61459015410988,50.57688838792578,0.01581859588623047,1.225641
76,Forecasting,Deep River Linear,AirlinePassengers (target only),65.67387087303295,77.84406652491968,49.462903443545784,0.01581859588623047,1.291831
78,Forecasting,Deep River Linear,AirlinePassengers (target only),65.93120416820558,77.86124920055902,48.73685818759542,0.01581859588623047,1.359709
80,Forecasting,Deep River Linear,AirlinePassengers (target only),65.26870923042297,77.26175045200705,47.81288519220322,0.01581859588623047,1.429346
82,Forecasting,Deep River Linear,AirlinePassengers (target only),64.51112072642255,76.56357370065824,46.91670845123442,0.01581859588623047,1.500682
84,Forecasting,Deep River Linear,AirlinePassengers (target only),63.43290048932271,75.71800471090559,45.94255211802118,0.01581859588623047,1.573715
86,Forecasting,Deep River Linear,AirlinePassengers (target only),62.25064292434573,74.8661124725358,44.96032272014763,0.01632213592529297,1.648455
88,Forecasting,Deep River Linear,AirlinePassengers (target only),61.622959642699264,74.36898450482553,44.1334707463381,0.01632213592529297,1.725065
90,Forecasting,Deep River Linear,AirlinePassengers (target only),62.41770114192256,75.06694433201889,43.69229416621518,0.01632213592529297,1.8034240000000001
92,Forecasting,Deep River Linear,AirlinePassengers (target only),62.147982652636536,74.84065154590691,43.029487604644856,0.01632213592529297,1.8835460000000002
94,Forecasting,Deep River Linear,AirlinePassengers (target only),61.43708675465684,74.22446797572722,42.294260559294386,0.01632213592529297,1.9654650000000002
96,Forecasting,Deep River Linear,AirlinePassengers (target only),60.6373068888982,73.53340188191474,41.55234739176757,0.01581859588623047,2.049096
98,Forecasting,Deep River Linear,AirlinePassengers (target only),59.93290340657136,72.9090169566568,40.8495443519134,0.01581859588623047,2.134445
100,Forecasting,Deep River Linear,AirlinePassengers (target only),59.50728855133056,72.44724728161498,40.22144980808481,0.01581859588623047,2.2214929999999997
102,Forecasting,Deep River Linear,AirlinePassengers (target only),60.181066513061516,73.13456435794973,39.860542197772425,0.01581859588623047,2.310256
104,Forecasting,Deep River Linear,AirlinePassengers (target only),59.90928086256368,72.93651560157963,39.315549673015724,0.01581859588623047,2.400716
106,Forecasting,Deep River Linear,AirlinePassengers (target only),59.40301862752662,72.48380194002519,38.75273964386558,0.01581859588623047,2.493014
108,Forecasting,Deep River Linear,AirlinePassengers (target only),58.520308164902666,71.83473954495248,38.09466608205116,0.01581859588623047,2.5872070000000003
110,Forecasting,Deep River Linear,AirlinePassengers (target only),57.8388344851407,71.26294221899082,37.50144536969545,0.01581859588623047,2.6831530000000003
112,Forecasting,Deep River Linear,AirlinePassengers (target only),57.66916223934717,71.10951850194422,37.02241194967777,0.01581859588623047,2.7808090000000005
114,Forecasting,Deep River Linear,AirlinePassengers (target only),58.88953371772988,72.67777213862728,36.853394522667,0.01581859588623047,2.8801790000000005
116,Forecasting,Deep River Linear,AirlinePassengers (target only),59.04051352095329,72.90891104046102,36.48820679808768,0.01581859588623047,2.9812960000000004
118,Forecasting,Deep River Linear,AirlinePassengers (target only),58.492086669146,72.39799528871968,35.98644938856394,0.01581859588623047,3.0844010000000006
120,Forecasting,Deep River Linear,AirlinePassengers (target only),57.697191312577985,71.80975685965753,35.430578995154534,0.01581859588623047,3.1892820000000004
122,Forecasting,Deep River Linear,AirlinePassengers (target only),56.95496617510019,71.24248600941756,34.89568144832236,0.01581859588623047,3.2961250000000004
124,Forecasting,Deep River Linear,AirlinePassengers (target only),56.87800133612848,71.22602566093163,34.495549653426444,0.01581859588623047,3.4049120000000004
126,Forecasting,Deep River Linear,AirlinePassengers (target only),57.869637009958744,72.41321586578525,34.30578921464573,0.01581859588623047,3.5157320000000003
128,Forecasting,Deep River Linear,AirlinePassengers (target only),57.85636634627978,72.3816859984726,33.95212329605751,0.01581859588623047,3.6284000000000005
129,Forecasting,Deep River Linear,AirlinePassengers (target only),57.660009369369625,72.23963062424575,33.74681733912688,0.01581859588623047,3.7421380000000006
20,Forecasting,Deep River Linear,TrumpApproval (target only),27.193650470911663,27.612297161087053,98.0250227320232,0.01575756072998047,0.015351
40,Forecasting,Deep River Linear,TrumpApproval (target only),20.629595738044742,22.035969513148657,70.04578561227606,0.01575756072998047,0.044806
60,Forecasting,Deep River Linear,TrumpApproval (target only),14.492731537243314,18.079682691427635,48.55702822798671,0.01575756072998047,0.088601
80,Forecasting,Deep River Linear,TrumpApproval (target only),11.045716636758169,15.663095040445212,36.864860231919465,0.01575756072998047,0.146232
100,Forecasting,Deep River Linear,TrumpApproval (target only),8.934325592158,14.012162572132132,29.745345153510964,0.01575756072998047,0.217831
120,Forecasting,Deep River Linear,TrumpApproval (target only),7.530866311851504,12.793891008327943,25.005056993227498,0.01575756072998047,0.30398000000000003
140,Forecasting,Deep River Linear,TrumpApproval (target only),6.518741254838491,11.846764342141043,21.597607570039337,0.01575756072998047,0.404691
160,Forecasting,Deep River Linear,TrumpApproval (target only),5.7822078769270595,11.085311150951673,19.107618211464448,0.01575756072998047,0.5192
180,Forecasting,Deep River Linear,TrumpApproval (target only),5.204613640977085,10.454027929602884,17.158209409352615,0.01575756072998047,0.647658
200,Forecasting,Deep River Linear,TrumpApproval (target only),4.738488566124983,9.919810842350193,15.58148772276607,0.01575756072998047,0.790589
220,Forecasting,Deep River Linear,TrumpApproval (target only),4.345680033781575,9.459426637832928,14.264738780728333,0.01626110076904297,0.947672
240,Forecasting,Deep River Linear,TrumpApproval (target only),4.025177760726508,9.058329921401029,13.186827524364395,0.01575756072998047,1.118944
260,Forecasting,Deep River Linear,TrumpApproval (target only),3.7408025224996746,8.703519715512385,12.238736973713875,0.01575756072998047,1.304549
280,Forecasting,Deep River Linear,TrumpApproval (target only),3.5107352366125957,8.388603856653873,11.464005146963762,0.01626110076904297,1.504025
300,Forecasting,Deep River Linear,TrumpApproval (target only),3.3026882645301003,8.105100396821701,10.768732811734214,0.01575756072998047,1.717673
320,Forecasting,Deep River Linear,TrumpApproval (target only),3.126868389023784,7.849150099696113,10.173802045352964,0.01575756072998047,1.945886
340,Forecasting,Deep River Linear,TrumpApproval (target only),2.980094044179583,7.617298571928062,9.668036715014772,0.01575756072998047,2.188361
360,Forecasting,Deep River Linear,TrumpApproval (target only),2.853826364905183,7.4054456691796355,9.22844194255783,0.01575756072998047,2.445113
380,Forecasting,Deep River Linear,TrumpApproval (target only),2.7288875038031883,7.209326899917399,8.804726399394244,0.01575756072998047,2.716218
400,Forecasting,Deep River Linear,TrumpApproval (target only),2.6151434276344325,7.027889996111257,8.420633888091569,0.01575756072998047,3.001415
420,Forecasting,Deep River Linear,TrumpApproval (target only),2.5115206832873653,6.85954242351232,8.070987685502367,0.01575756072998047,3.3013380000000003
440,Forecasting,Deep River Linear,TrumpApproval (target only),2.414900313671461,6.702522367954573,7.745559171585979,0.01575756072998047,3.6154300000000004
460,Forecasting,Deep River Linear,TrumpApproval (target only),2.33682153690659,6.557026359821815,7.473292619871471,0.01575756072998047,3.9437910000000005
480,Forecasting,Deep River Linear,TrumpApproval (target only),2.258280592624878,6.419968712917227,7.206545284416639,0.01575756072998047,4.286042
500,Forecasting,Deep River Linear,TrumpApproval (target only),2.1858986351763936,6.291184078912931,6.961063088530541,0.01575756072998047,4.6423760000000005
520,Forecasting,Deep River Linear,TrumpApproval (target only),2.1165035751473864,6.169658535205016,6.7287445766703105,0.01575756072998047,5.013021
540,Forecasting,Deep River Linear,TrumpApproval (target only),2.056781028433908,6.055591144119685,6.524710020619958,0.01626110076904297,5.397882
560,Forecasting,Deep River Linear,TrumpApproval (target only),2.0005808872380966,5.947529510947878,6.334523961263167,0.01575756072998047,5.796451
580,Forecasting,Deep River Linear,TrumpApproval (target only),1.945811528086522,5.844844964992684,6.149990097601466,0.01575756072998047,6.208908
600,Forecasting,Deep River Linear,TrumpApproval (target only),1.8981333349126206,5.747768092885614,5.9854471318544755,0.01626110076904297,6.635548
620,Forecasting,Deep River Linear,TrumpApproval (target only),1.850643448845158,5.655041214520907,5.824853100283158,0.01575756072998047,7.0764890000000005
640,Forecasting,Deep River Linear,TrumpApproval (target only),1.8074016284737608,5.56691278128453,5.677095297818502,0.01575756072998047,7.5315900000000005
660,Forecasting,Deep River Linear,TrumpApproval (target only),1.763962588196882,5.482474032831619,5.5320753958859745,0.01575756072998047,8.002179
680,Forecasting,Deep River Linear,TrumpApproval (target only),1.7248389076949495,5.402057377542905,5.400787156507201,0.01575756072998047,8.486796
700,Forecasting,Deep River Linear,TrumpApproval (target only),1.6885150735321068,5.325187431490116,5.279172383051205,0.01575756072998047,8.985672
720,Forecasting,Deep River Linear,TrumpApproval (target only),1.656423308745634,5.251850616336618,5.167900776613665,0.01575756072998047,9.498664
740,Forecasting,Deep River Linear,TrumpApproval (target only),1.6235297335836076,5.181184676156901,5.056710023415252,0.01575756072998047,10.025686
760,Forecasting,Deep River Linear,TrumpApproval (target only),1.5910373845561538,5.113110412042562,4.94801518281497,0.01575756072998047,10.566785
780,Forecasting,Deep River Linear,TrumpApproval (target only),1.5622059580848915,5.048036587723334,4.849857683083701,0.01575756072998047,11.121725
800,Forecasting,Deep River Linear,TrumpApproval (target only),1.535483397271604,4.985472153711398,4.757816556237583,0.01575756072998047,11.690667999999999
820,Forecasting,Deep River Linear,TrumpApproval (target only),1.5084058365675788,4.924961742758296,4.666928304492496,0.01575756072998047,12.274238999999998
840,Forecasting,Deep River Linear,TrumpApproval (target only),1.482442464602397,4.866613292856418,4.579254415493024,0.01575756072998047,12.871601999999998
860,Forecasting,Deep River Linear,TrumpApproval (target only),1.4581636070853559,4.810386549657215,4.496774984675625,0.01626110076904297,13.482919999999998
880,Forecasting,Deep River Linear,TrumpApproval (target only),1.4339997609200934,4.755882722235493,4.4156954946590155,0.01575756072998047,14.108126999999998
900,Forecasting,Deep River Linear,TrumpApproval (target only),1.4110879532017484,4.703344792550953,4.3389923188014015,0.01575756072998047,14.747275999999998
920,Forecasting,Deep River Linear,TrumpApproval (target only),1.3890818398188736,4.652445313593794,4.26557811804343,0.01626110076904297,15.399796999999998
940,Forecasting,Deep River Linear,TrumpApproval (target only),1.3724909025531544,4.604093142255868,4.205599982534547,0.01575756072998047,16.066436999999997
960,Forecasting,Deep River Linear,TrumpApproval (target only),1.3551543924364533,4.556950831483097,4.145256400087759,0.01575756072998047,16.747238999999997
980,Forecasting,Deep River Linear,TrumpApproval (target only),1.335392719147,4.5106748375074766,4.079797309296446,0.01575756072998047,17.442984999999997
986,Forecasting,Deep River Linear,TrumpApproval (target only),1.330736187124526,4.497233497124845,4.0633455294928,0.01626110076904297,18.143444999999996
2,Forecasting,Deep River MLP,AirlinePassengers (target only),116.04671875635783,116.22184889430724,152.93875555158152,0.037235260009765625,0.003014
4,Forecasting,Deep River MLP,AirlinePassengers (target only),118.24592057863872,118.78551428049971,149.7213000519093,0.037235260009765625,0.009202
6,Forecasting,Deep River MLP,AirlinePassengers (target only),126.23743518193562,127.14997223180866,150.56562697054815,0.037235260009765625,0.018582
8,Forecasting,Deep River MLP,AirlinePassengers (target only),124.71547623475392,125.85172519133629,148.42159703892938,0.037235260009765625,0.031121000000000003
10,Forecasting,Deep River MLP,AirlinePassengers (target only),120.10281909306843,121.52524176655768,144.0069705773846,0.037235260009765625,0.046677
12,Forecasting,Deep River MLP,AirlinePassengers (target only),119.62663271692064,120.92505336658698,141.020740144877,0.037235260009765625,0.06521300000000001
14,Forecasting,Deep River MLP,AirlinePassengers (target only),120.96992167972383,122.17960852175372,138.78333107973737,0.037235260009765625,0.08669600000000001
16,Forecasting,Deep River MLP,AirlinePassengers (target only),122.44037415583928,123.57559123898764,136.42150066042916,0.037235260009765625,0.111126
18,Forecasting,Deep River MLP,AirlinePassengers (target only),124.89853203738177,126.10368834929166,134.56597130820495,0.037235260009765625,0.13886
20,Forecasting,Deep River MLP,AirlinePassengers (target only),124.45715867678324,125.70900475337585,131.7625299429775,0.037235260009765625,0.169661
22,Forecasting,Deep River MLP,AirlinePassengers (target only),122.0478727311799,123.47305282127698,127.82891451183694,0.037738800048828125,0.203443
24,Forecasting,Deep River MLP,AirlinePassengers (target only),120.71842216120824,122.13914070520227,124.30902039521115,0.037738800048828125,0.240185
26,Forecasting,Deep River MLP,AirlinePassengers (target only),119.79304534961014,121.16806570494005,121.13768586293311,0.037738800048828125,0.279886
28,Forecasting,Deep River MLP,AirlinePassengers (target only),119.68464371136255,121.05043259523892,118.35455332771215,0.037738800048828125,0.322535
30,Forecasting,Deep River MLP,AirlinePassengers (target only),120.89134107165866,122.26545724868159,116.21308934014407,0.037738800048828125,0.36812900000000004
32,Forecasting,Deep River MLP,AirlinePassengers (target only),119.99631000558534,121.4833471537333,113.38316157448135,0.037235260009765625,0.41724200000000006
34,Forecasting,Deep River MLP,AirlinePassengers (target only),117.45745813145356,119.34326144565898,109.75972572067244,0.037235260009765625,0.4693550000000001
36,Forecasting,Deep River MLP,AirlinePassengers (target only),115.33794615886829,117.5315670256977,106.3544255405123,0.037235260009765625,0.524414
38,Forecasting,Deep River MLP,AirlinePassengers (target only),114.3807425331651,116.59848530322958,103.59615511777206,0.037235260009765625,0.5826600000000001
40,Forecasting,Deep River MLP,AirlinePassengers (target only),113.47238121827444,115.68371694728694,100.91220001419082,0.037235260009765625,0.643951
42,Forecasting,Deep River MLP,AirlinePassengers (target only),112.92033520199003,115.09561262338627,98.43581825615993,0.037235260009765625,0.7083780000000001
44,Forecasting,Deep River MLP,AirlinePassengers (target only),110.49592371420427,113.34521088832187,95.31199589548253,0.037235260009765625,0.7760530000000001
46,Forecasting,Deep River MLP,AirlinePassengers (target only),106.33321027479309,110.91887829101576,91.50141857824684,0.037235260009765625,0.8468170000000002
48,Forecasting,Deep River MLP,AirlinePassengers (target only),102.4269484480222,108.63147257872328,87.94375848807073,0.037235260009765625,0.9205460000000002
50,Forecasting,Deep River MLP,AirlinePassengers (target only),99.27481873194375,106.5421744130819,84.86296553734375,0.037235260009765625,0.9972180000000002
52,Forecasting,Deep River MLP,AirlinePassengers (target only),97.12370584561273,104.92482194331461,82.29560358387292,0.037235260009765625,1.0768350000000002
54,Forecasting,Deep River MLP,AirlinePassengers (target only),96.1825606793533,103.92718712056838,80.30495281539375,0.037235260009765625,1.1594000000000002
56,Forecasting,Deep River MLP,AirlinePassengers (target only),94.05748386042457,102.35876403343083,77.9905165234199,0.037235260009765625,1.2451940000000001
58,Forecasting,Deep River MLP,AirlinePassengers (target only),91.25319330171605,100.62953331672293,75.49991956648158,0.037235260009765625,1.33427
60,Forecasting,Deep River MLP,AirlinePassengers (target only),88.63313412666321,98.97162449031651,73.15533381616943,0.037235260009765625,1.426685
62,Forecasting,Deep River MLP,AirlinePassengers (target only),86.1929493616986,97.39435998842008,70.95861394132099,0.037235260009765625,1.52211
64,Forecasting,Deep River MLP,AirlinePassengers (target only),84.56385263303915,96.19166598690637,69.09669532375715,0.037235260009765625,1.620594
66,Forecasting,Deep River MLP,AirlinePassengers (target only),84.15270642078283,95.58354431355453,67.70018164365757,0.037235260009765625,1.722242
68,Forecasting,Deep River MLP,AirlinePassengers (target only),82.77448647162494,94.459749258417,66.09091349921366,0.037235260009765625,1.8270570000000002
70,Forecasting,Deep River MLP,AirlinePassengers (target only),81.2402582123166,93.2824723159438,64.50591264841214,0.037235260009765625,1.9349610000000002
72,Forecasting,Deep River MLP,AirlinePassengers (target only),79.73677459028032,92.11747975956429,62.96766369156693,0.037235260009765625,2.0460320000000003
74,Forecasting,Deep River MLP,AirlinePassengers (target only),77.8573943859822,90.90902988254486,61.356272037955215,0.037235260009765625,2.1601220000000003
76,Forecasting,Deep River MLP,AirlinePassengers (target only),76.57585331849884,89.91563678705343,59.95585659475197,0.037235260009765625,2.2772870000000003
78,Forecasting,Deep River MLP,AirlinePassengers (target only),76.26798190010918,89.3988378403046,58.872405931306524,0.037235260009765625,2.3976140000000004
80,Forecasting,Deep River MLP,AirlinePassengers (target only),75.30206299225489,88.55473029228452,57.6830865220225,0.037235260009765625,2.5212380000000003
82,Forecasting,Deep River MLP,AirlinePassengers (target only),74.65061926260226,87.83677031811284,56.64931568711855,0.037235260009765625,2.648026
84,Forecasting,Deep River MLP,AirlinePassengers (target only),73.94206662026662,87.11433270951356,55.619888081059564,0.037235260009765625,2.777819
86,Forecasting,Deep River MLP,AirlinePassengers (target only),72.61894190958303,86.18765314572998,54.44256410711692,0.037738800048828125,2.910595
88,Forecasting,Deep River MLP,AirlinePassengers (target only),71.76083420623432,85.49412992731975,53.402076645495804,0.037738800048828125,3.046381
90,Forecasting,Deep River MLP,AirlinePassengers (target only),72.0940942870246,85.57861263853283,52.688340155767925,0.037738800048828125,3.1854839999999998
92,Forecasting,Deep River MLP,AirlinePassengers (target only),71.55835668937019,85.08124703229635,51.816239411143414,0.037738800048828125,3.327772
94,Forecasting,Deep River MLP,AirlinePassengers (target only),70.95760989696421,84.45489990527344,50.97889590425935,0.037738800048828125,3.4731069999999997
96,Forecasting,Deep River MLP,AirlinePassengers (target only),70.58891508645482,83.96575240534794,50.22443598444223,0.037235260009765625,3.621552
98,Forecasting,Deep River MLP,AirlinePassengers (target only),69.91653588028993,83.31257116936783,49.40950740223078,0.037235260009765625,3.7730129999999997
100,Forecasting,Deep River MLP,AirlinePassengers (target only),69.33203166007996,82.75215640135161,48.61969240414861,0.037235260009765625,3.927491
102,Forecasting,Deep River MLP,AirlinePassengers (target only),69.85011441411537,83.15213397876379,48.103337354238676,0.037235260009765625,4.085018
104,Forecasting,Deep River MLP,AirlinePassengers (target only),69.52782205740611,82.85190131634178,47.44081115267192,0.037235260009765625,4.2456059999999995
106,Forecasting,Deep River MLP,AirlinePassengers (target only),68.79894194512998,82.20973463685621,46.71487447389623,0.037235260009765625,4.4093409999999995
108,Forecasting,Deep River MLP,AirlinePassengers (target only),68.02089277020208,81.53375638261028,45.98559514931638,0.037235260009765625,4.576154
110,Forecasting,Deep River MLP,AirlinePassengers (target only),67.45802224188141,80.95060472562733,45.325888468167605,0.037235260009765625,4.74608
112,Forecasting,Deep River MLP,AirlinePassengers (target only),67.70785332009908,81.14804462983287,44.857548187449254,0.037235260009765625,4.91902
114,Forecasting,Deep River MLP,AirlinePassengers (target only),69.19738332569949,83.08019155039383,44.66241038869744,0.037235260009765625,5.094952
116,Forecasting,Deep River MLP,AirlinePassengers (target only),69.46635323283317,83.43808159216704,44.24046096541048,0.037235260009765625,5.273878
118,Forecasting,Deep River MLP,AirlinePassengers (target only),68.61711457085477,82.77537500179493,43.575354282270425,0.037235260009765625,5.455902
120,Forecasting,Deep River MLP,AirlinePassengers (target only),67.65778478251565,82.10393630393952,42.8946812348069,0.037235260009765625,5.641199
122,Forecasting,Deep River MLP,AirlinePassengers (target only),66.96520937987366,81.51958768781219,42.28705038165219,0.037235260009765625,5.829554
124,Forecasting,Deep River MLP,AirlinePassengers (target only),67.07691898397222,81.60224014531467,41.844963042202195,0.037235260009765625,6.021141
126,Forecasting,Deep River MLP,AirlinePassengers (target only),68.11680877776374,82.80545314487755,41.583279373107224,0.037235260009765625,6.2157160000000005
128,Forecasting,Deep River MLP,AirlinePassengers (target only),68.0705924058954,82.71518504499105,41.14548767051417,0.037235260009765625,6.413289000000001
129,Forecasting,Deep River MLP,AirlinePassengers (target only),67.88674911232883,82.53396976959768,40.904512825264916,0.037235260009765625,6.612614000000001
20,Forecasting,Deep River MLP,TrumpApproval (target only),31.89559097562154,32.117485131506406,123.37487844891301,0.037143707275390625,0.026191
40,Forecasting,Deep River MLP,TrumpApproval (target only),25.77433738449351,26.75919290494238,93.64414208147113,0.037143707275390625,0.078934
60,Forecasting,Deep River MLP,TrumpApproval (target only),18.864781958206176,22.11557946729362,66.72485666034959,0.037143707275390625,0.15712
80,Forecasting,Deep River MLP,TrumpApproval (target only),14.89299585572942,19.221430413199563,51.91062637931762,0.037143707275390625,0.260618
100,Forecasting,Deep River MLP,TrumpApproval (target only),12.157891141334023,17.202791144345166,42.15748364083396,0.037143707275390625,0.38987800000000006
120,Forecasting,Deep River MLP,TrumpApproval (target only),10.30261427235667,15.710540821182855,35.56330026449079,0.037143707275390625,0.544983
140,Forecasting,Deep River MLP,TrumpApproval (target only),8.92546519225566,14.547758572507291,30.72812973515973,0.037143707275390625,0.726542
160,Forecasting,Deep River MLP,TrumpApproval (target only),7.991880105380382,13.61967326415725,27.376874586265295,0.037143707275390625,0.933883
180,Forecasting,Deep River MLP,TrumpApproval (target only),7.252627125011874,12.850089448161711,24.729343168398174,0.037143707275390625,1.167749
200,Forecasting,Deep River MLP,TrumpApproval (target only),6.6339892433558205,12.197892161114773,22.52605662380279,0.037143707275390625,1.427906
220,Forecasting,Deep River MLP,TrumpApproval (target only),6.0739053692039775,11.631522743686965,20.591028306107876,0.037647247314453125,1.714108
240,Forecasting,Deep River MLP,TrumpApproval (target only),5.632737986852439,11.139224638449003,19.047815315702852,0.037143707275390625,2.026406
260,Forecasting,Deep River MLP,TrumpApproval (target only),5.2247037737305515,10.702876270372544,17.648718607298033,0.037143707275390625,2.365323
280,Forecasting,Deep River MLP,TrumpApproval (target only),4.8782770906680915,10.314468905122006,16.460258652442214,0.037647247314453125,2.730241
300,Forecasting,Deep River MLP,TrumpApproval (target only),4.5744736001631034,9.965294668640269,15.420045654965454,0.037143707275390625,3.121097
320,Forecasting,Deep River MLP,TrumpApproval (target only),4.328562693419459,9.651265656573976,14.557578891980251,0.037143707275390625,3.537318
340,Forecasting,Deep River MLP,TrumpApproval (target only),4.143582975162584,9.368977610025238,13.87558939056771,0.037143707275390625,3.979578
360,Forecasting,Deep River MLP,TrumpApproval (target only),3.988317097204422,9.113012374369015,13.294135483508258,0.037143707275390625,4.447746
380,Forecasting,Deep River MLP,TrumpApproval (target only),3.836019376200628,8.874661010528621,12.735100318128824,0.037143707275390625,4.941971000000001
400,Forecasting,Deep River MLP,TrumpApproval (target only),3.672768919043225,8.65133276262658,12.169244422475227,0.037143707275390625,5.461072000000001
420,Forecasting,Deep River MLP,TrumpApproval (target only),3.5384033128499843,8.445347083065245,11.689638168311234,0.037143707275390625,6.009017000000001
440,Forecasting,Deep River MLP,TrumpApproval (target only),3.4002281027843595,8.252117975098042,11.211885817914355,0.037143707275390625,6.584551000000001
460,Forecasting,Deep River MLP,TrumpApproval (target only),3.2857339569837047,8.07261825612525,10.804708538754502,0.037143707275390625,7.186498000000001
480,Forecasting,Deep River MLP,TrumpApproval (target only),3.1722002494093577,7.903954133636122,10.409300654495832,0.037143707275390625,7.814109000000001
500,Forecasting,Deep River MLP,TrumpApproval (target only),3.0552489699733476,7.744485167535366,10.016631904716347,0.037143707275390625,8.467842000000001
520,Forecasting,Deep River MLP,TrumpApproval (target only),2.946725216703953,7.594312090285785,9.65303895177781,0.037143707275390625,9.148148
540,Forecasting,Deep River MLP,TrumpApproval (target only),2.8526635090740817,7.452907976141019,9.332114002206549,0.037647247314453125,9.85543
560,Forecasting,Deep River MLP,TrumpApproval (target only),2.7643698505635945,7.319187267808651,9.032576683003981,0.037143707275390625,10.589246
580,Forecasting,Deep River MLP,TrumpApproval (target only),2.68451878602565,7.192576004707298,8.757898861550576,0.037143707275390625,11.348955
600,Forecasting,Deep River MLP,TrumpApproval (target only),2.6420418129206342,7.0774371818871735,8.575666623756293,0.037647247314453125,12.135305
620,Forecasting,Deep River MLP,TrumpApproval (target only),2.570003708193707,6.963109715998784,8.330590056457611,0.037143707275390625,12.947493000000001
640,Forecasting,Deep River MLP,TrumpApproval (target only),2.501932234008312,6.853944532863572,8.099212976857487,0.037143707275390625,13.784305000000002
660,Forecasting,Deep River MLP,TrumpApproval (target only),2.436753406690347,6.749762715936959,7.878971217335228,0.037143707275390625,14.647703000000002
680,Forecasting,Deep River MLP,TrumpApproval (target only),2.372066749097787,6.6499541284985515,7.664390830764877,0.037143707275390625,15.537026000000001
700,Forecasting,Deep River MLP,TrumpApproval (target only),2.3166468647206626,6.554865174980459,7.476560375016507,0.037143707275390625,16.451676
720,Forecasting,Deep River MLP,TrumpApproval (target only),2.2655110140467047,6.463881471224811,7.300388406180693,0.037143707275390625,17.392086
740,Forecasting,Deep River MLP,TrumpApproval (target only),2.2100537018313027,6.37607391126639,7.116934623025301,0.037143707275390625,18.359083
760,Forecasting,Deep River MLP,TrumpApproval (target only),2.161898421079535,6.292001916899159,6.953411208461091,0.037143707275390625,19.353209999999997
780,Forecasting,Deep River MLP,TrumpApproval (target only),2.124315170486451,6.212203820271442,6.81824274411798,0.037143707275390625,20.373582
800,Forecasting,Deep River MLP,TrumpApproval (target only),2.1064785885794333,6.1395017829523955,6.729843126069683,0.037143707275390625,21.420731999999997
820,Forecasting,Deep River MLP,TrumpApproval (target only),2.066387348779819,6.0649359574960915,6.593254252179695,0.037143707275390625,22.495008
840,Forecasting,Deep River MLP,TrumpApproval (target only),2.0236095903776876,5.992540200479967,6.451360991533577,0.037143707275390625,23.594941
860,Forecasting,Deep River MLP,TrumpApproval (target only),1.9888629224263281,5.923172523732544,6.330275001259744,0.037647247314453125,24.720791
880,Forecasting,Deep River MLP,TrumpApproval (target only),1.9531644246660878,5.855930707598471,6.208717189971087,0.037143707275390625,25.872932
900,Forecasting,Deep River MLP,TrumpApproval (target only),1.9164776351694754,5.790754991183546,6.0868220117428,0.037143707275390625,27.051676
920,Forecasting,Deep River MLP,TrumpApproval (target only),1.879089662553097,5.72757624430932,5.964804078642479,0.037647247314453125,28.257031
940,Forecasting,Deep River MLP,TrumpApproval (target only),1.862674378924973,5.669645732990646,5.893536933856912,0.037143707275390625,29.488682
960,Forecasting,Deep River MLP,TrumpApproval (target only),1.8474261639610512,5.6132561805541155,5.827954386200316,0.037143707275390625,30.746531
980,Forecasting,Deep River MLP,TrumpApproval (target only),1.8294493605121027,5.557859885118862,5.757139667544838,0.037143707275390625,32.030486
986,Forecasting,Deep River MLP,TrumpApproval (target only),1.825082779028738,5.541694358601479,5.738545704287189,0.037647247314453125,33.322769
2,Forecasting,Deep River RNN,AirlinePassengers (target only),133.89819932729006,134.0101791838769,199.47814052695452,0.03309917449951172,0.005515
4,Forecasting,Deep River RNN,AirlinePassengers (target only),138.04506454865137,138.52068789245226,199.47678861253323,0.03309917449951172,0.016673
6,Forecasting,Deep River RNN,AirlinePassengers (target only),146.8577860486176,147.7671012999817,199.5154338087104,0.03309917449951172,0.033061
8,Forecasting,Deep River RNN,AirlinePassengers (target only),146.21214100532234,147.25426273052057,199.51956080084278,0.03309917449951172,0.054439
10,Forecasting,Deep River RNN,AirlinePassengers (target only),143.14931856542825,144.24397881729308,199.51309960012574,0.03309917449951172,0.080933
12,Forecasting,Deep River RNN,AirlinePassengers (target only),144.48940075520014,145.49888835563306,199.5143723669975,0.03309917449951172,0.112537
14,Forecasting,Deep River RNN,AirlinePassengers (target only),147.72605266084983,148.83157691142125,199.51044274899456,0.03309917449951172,0.149366
16,Forecasting,Deep River RNN,AirlinePassengers (target only),151.35678844945505,152.6373530998022,199.49755087535598,0.03309917449951172,0.19131399999999998
18,Forecasting,Deep River RNN,AirlinePassengers (target only),155.95452920995928,157.62509066928195,199.48696296497425,0.03309917449951172,0.23840799999999998
20,Forecasting,Deep River RNN,AirlinePassengers (target only),157.61267503189544,159.2946091779381,199.46776888242627,0.03309917449951172,0.290562
22,Forecasting,Deep River RNN,AirlinePassengers (target only),157.75403492830017,159.30870829099032,199.43201961706356,0.03360271453857422,0.3478
24,Forecasting,Deep River RNN,AirlinePassengers (target only),159.312663469981,160.82278274481214,199.40124587233538,0.03360271453857422,0.410261
26,Forecasting,Deep River RNN,AirlinePassengers (target only),161.26917378575754,162.79752012874442,199.37396846888788,0.03360271453857422,0.47756699999999996
28,Forecasting,Deep River RNN,AirlinePassengers (target only),164.15732344310908,165.95104842617636,199.34404759074351,0.03360271453857422,0.551137
30,Forecasting,Deep River RNN,AirlinePassengers (target only),168.41333419556418,170.81909438527595,199.32582878877574,0.03360271453857422,0.629892
32,Forecasting,Deep River RNN,AirlinePassengers (target only),170.49964632249126,173.01673430055789,199.30268727076722,0.03309917449951172,0.714142
34,Forecasting,Deep River RNN,AirlinePassengers (target only),171.4070051083816,173.8190121817426,199.26623292457953,0.03309917449951172,0.80352
36,Forecasting,Deep River RNN,AirlinePassengers (target only),173.0910691568559,175.516787753344,199.23508256955037,0.03309917449951172,0.897821
38,Forecasting,Deep River RNN,AirlinePassengers (target only),175.93784011874283,178.63663216543503,199.21134189173307,0.03309917449951172,0.997007
40,Forecasting,Deep River RNN,AirlinePassengers (target only),179.13117959617327,182.1969880682067,199.19006933836673,0.03309917449951172,1.101253
42,Forecasting,Deep River RNN,AirlinePassengers (target only),182.8834341154212,186.5267295774141,199.17337646419193,0.03309917449951172,1.210564
44,Forecasting,Deep River RNN,AirlinePassengers (target only),184.747142890186,188.49511241464614,199.1524524014412,0.03309917449951172,1.325083
46,Forecasting,Deep River RNN,AirlinePassengers (target only),185.20774457889837,188.8139033647196,199.1151337587247,0.03309917449951172,1.444888
48,Forecasting,Deep River RNN,AirlinePassengers (target only),185.92672584066167,189.42824706819536,199.0802736624328,0.03309917449951172,1.5709089999999999
50,Forecasting,Deep River RNN,AirlinePassengers (target only),187.42639322767656,190.9316330528379,199.04941366687825,0.03309917449951172,1.7020739999999999
52,Forecasting,Deep River RNN,AirlinePassengers (target only),189.9564023823597,193.75412042011487,199.02370068314553,0.03309917449951172,1.8381859999999999
54,Forecasting,Deep River RNN,AirlinePassengers (target only),193.4578165634087,197.88963746360517,199.00804927866466,0.03309917449951172,1.9793249999999998
56,Forecasting,Deep River RNN,AirlinePassengers (target only),195.2729810821336,199.81393714168271,198.9870587963712,0.03309917449951172,2.1256329999999997
58,Forecasting,Deep River RNN,AirlinePassengers (target only),196.17403334631834,200.6140108095117,198.95246258530193,0.03309917449951172,2.2772069999999998
60,Forecasting,Deep River RNN,AirlinePassengers (target only),197.63016020419698,202.0567022118272,198.9234622672785,0.03309917449951172,2.43381
62,Forecasting,Deep River RNN,AirlinePassengers (target only),199.68441272915533,204.24881933751237,198.8983803516425,0.03309917449951172,2.596078
64,Forecasting,Deep River RNN,AirlinePassengers (target only),202.7963389468302,207.95432395048113,198.87748924152154,0.03309917449951172,2.763239
66,Forecasting,Deep River RNN,AirlinePassengers (target only),206.96069262895472,213.20705703400543,198.86639755362398,0.03309917449951172,2.935259
68,Forecasting,Deep River RNN,AirlinePassengers (target only),209.44245276990915,216.0043516686617,198.85047523766258,0.03309917449951172,3.112203
70,Forecasting,Deep River RNN,AirlinePassengers (target only),210.98107682356525,217.52213724887469,198.8225189977172,0.03309917449951172,3.294045
72,Forecasting,Deep River RNN,AirlinePassengers (target only),213.03015653309586,219.6784838409693,198.7997033939863,0.03309917449951172,3.481067
74,Forecasting,Deep River RNN,AirlinePassengers (target only),215.58884009641704,222.52700657064864,198.78001263041008,0.03309917449951172,3.672978
76,Forecasting,Deep River RNN,AirlinePassengers (target only),219.1300501141436,226.87603103949772,198.76364305504092,0.03309917449951172,3.8699060000000003
78,Forecasting,Deep River RNN,AirlinePassengers (target only),223.57820392511468,232.63626116263606,198.7552114029986,0.03309917449951172,4.071687000000001
80,Forecasting,Deep River RNN,AirlinePassengers (target only),226.27361028222367,235.72308088840109,198.74177464024837,0.03309917449951172,4.278706000000001
82,Forecasting,Deep River RNN,AirlinePassengers (target only),227.92988094726834,237.3353337275825,198.71713655906203,0.03309917449951172,4.491107
84,Forecasting,Deep River RNN,AirlinePassengers (target only),229.97837876862596,239.46132987275902,198.69604125901506,0.03309917449951172,4.708738
86,Forecasting,Deep River RNN,AirlinePassengers (target only),232.58940916736574,242.3642102803618,198.67812776875473,0.03360271453857422,4.931557000000001
88,Forecasting,Deep River RNN,AirlinePassengers (target only),236.22840130501285,246.87634802305467,198.6638160180468,0.03360271453857422,5.159886
90,Forecasting,Deep River RNN,AirlinePassengers (target only),240.90089414586072,253.06035949627943,198.65714773295534,0.03360271453857422,5.393419
92,Forecasting,Deep River RNN,AirlinePassengers (target only),243.86194487555844,256.5256632383931,198.64615869574487,0.03360271453857422,5.631993
94,Forecasting,Deep River RNN,AirlinePassengers (target only),245.6144070940502,258.2157741959539,198.62455243315557,0.03360271453857422,5.875506
96,Forecasting,Deep River RNN,AirlinePassengers (target only),247.44909092196679,260.0203105093594,198.60430299317656,0.03309917449951172,6.123952
98,Forecasting,Deep River RNN,AirlinePassengers (target only),249.50381500230864,262.1237159819923,198.58491195748763,0.03309917449951172,6.377512
100,Forecasting,Deep River RNN,AirlinePassengers (target only),252.5887057575832,265.78587323849877,198.56881231073467,0.03309917449951172,6.636029000000001
102,Forecasting,Deep River RNN,AirlinePassengers (target only),256.84577500033714,271.3167492333214,198.56144137771628,0.03309917449951172,6.899471000000001
104,Forecasting,Deep River RNN,AirlinePassengers (target only),259.36764894838996,274.1677333370858,198.549079318354,0.03309917449951172,7.168115000000001
106,Forecasting,Deep River RNN,AirlinePassengers (target only),260.76197567050286,275.4138063805563,198.52611154746728,0.03309917449951172,7.441923000000001
108,Forecasting,Deep River RNN,AirlinePassengers (target only),262.5173181303904,277.12542119799286,198.50567818605634,0.03309917449951172,7.720772000000001
110,Forecasting,Deep River RNN,AirlinePassengers (target only),264.8715558006231,279.65382390099944,198.48883238929926,0.03309917449951172,8.004658000000001
112,Forecasting,Deep River RNN,AirlinePassengers (target only),268.2181957994943,283.7283363357002,198.47610002474272,0.03309917449951172,8.293762000000001
114,Forecasting,Deep River RNN,AirlinePassengers (target only),272.677516613025,289.66679137752436,198.47012240534826,0.03309917449951172,8.588107
116,Forecasting,Deep River RNN,AirlinePassengers (target only),275.5798924276927,293.0652776743133,198.46032445438595,0.03309917449951172,8.887541
118,Forecasting,Deep River RNN,AirlinePassengers (target only),277.52708444716995,294.9973723077355,198.44226152630793,0.03309917449951172,9.192477
120,Forecasting,Deep River RNN,AirlinePassengers (target only),279.63629197803226,297.14811023154357,198.4263609611808,0.03309917449951172,9.502643
122,Forecasting,Deep River RNN,AirlinePassengers (target only),282.17549903692856,299.92809096958695,198.41126326353296,0.03309917449951172,9.817781
124,Forecasting,Deep River RNN,AirlinePassengers (target only),285.90615301437043,304.6343073106881,198.40142289432134,0.03309917449951172,10.137924
126,Forecasting,Deep River RNN,AirlinePassengers (target only),290.58103794137406,310.98323873149576,198.39709492983215,0.03309917449951172,10.463333
128,Forecasting,Deep River RNN,AirlinePassengers (target only),293.6376596694852,314.58977521187137,198.38846381988205,0.03309917449951172,10.793835
129,Forecasting,Deep River RNN,AirlinePassengers (target only),294.6546702295042,315.60352759631616,198.38099457606793,0.03309917449951172,11.127086
20,Forecasting,Deep River RNN,TrumpApproval (target only),41.71293875176628,41.73088622462796,197.23553003780876,0.03304576873779297,0.045538
40,Forecasting,Deep River RNN,TrumpApproval (target only),41.06008559094504,41.077003542781924,194.79158797931782,0.03304576873779297,0.135981
60,Forecasting,Deep River RNN,TrumpApproval (target only),40.83096255658306,40.84562173833252,192.01681787766526,0.03304576873779297,0.273059
80,Forecasting,Deep River RNN,TrumpApproval (target only),39.86746672418919,39.915775574302465,188.4133980325423,0.03304576873779297,0.457154
100,Forecasting,Deep River RNN,TrumpApproval (target only),38.95382644144904,39.03728122949828,184.58664661069568,0.03304576873779297,0.687594
120,Forecasting,Deep River RNN,TrumpApproval (target only),38.30013646586806,38.399504050430345,180.60514257182626,0.03304576873779297,0.9642390000000001
140,Forecasting,Deep River RNN,TrumpApproval (target only),37.580265127919375,37.70913237111732,176.45869157486416,0.03304576873779297,1.2867190000000002
160,Forecasting,Deep River RNN,TrumpApproval (target only),36.76033767745101,36.93957323086802,172.21454282286325,0.03304576873779297,1.6558670000000002
180,Forecasting,Deep River RNN,TrumpApproval (target only),36.04627379547899,36.265393873556526,168.17761377843138,0.03304576873779297,2.071658
200,Forecasting,Deep River RNN,TrumpApproval (target only),35.531975547084706,35.76567210819691,164.53425556012547,0.03304576873779297,2.533018
220,Forecasting,Deep River RNN,TrumpApproval (target only),34.96380177101473,35.226125622890876,160.92577561719943,0.03354930877685547,3.040718
240,Forecasting,Deep River RNN,TrumpApproval (target only),34.37959998166457,34.678542280633756,157.39669510106376,0.03304576873779297,3.594135
260,Forecasting,Deep River RNN,TrumpApproval (target only),33.875215293093675,34.20007133199252,154.10541377699252,0.03304576873779297,4.194543
280,Forecasting,Deep River RNN,TrumpApproval (target only),33.32868708060865,33.69363444791944,150.82798737585512,0.03354930877685547,4.839856
300,Forecasting,Deep River RNN,TrumpApproval (target only),32.84000853397463,33.23628767599391,147.74590442005115,0.03304576873779297,5.531988
320,Forecasting,Deep River RNN,TrumpApproval (target only),32.44817182285031,32.85964369287285,144.93054175895816,0.03304576873779297,6.269842000000001
340,Forecasting,Deep River RNN,TrumpApproval (target only),32.13858289100715,32.55354769567518,142.35023804856507,0.03304576873779297,7.053212
360,Forecasting,Deep River RNN,TrumpApproval (target only),31.816188080872777,32.23997399264863,139.8236674042685,0.03304576873779297,7.883192
380,Forecasting,Deep River RNN,TrumpApproval (target only),31.501092038579902,31.934808661955195,137.3835291862272,0.03304576873779297,8.758291
400,Forecasting,Deep River RNN,TrumpApproval (target only),31.17651082165609,31.624698068504944,134.99171823904146,0.03304576873779297,9.678597
420,Forecasting,Deep River RNN,TrumpApproval (target only),30.8713506307887,31.33244771268775,132.70054996584335,0.03304576873779297,10.647063
440,Forecasting,Deep River RNN,TrumpApproval (target only),30.623942503968255,31.088468882660617,130.5825435520575,0.03304576873779297,11.661807999999999
460,Forecasting,Deep River RNN,TrumpApproval (target only),30.346550414503504,30.822640176269964,128.46212659965897,0.03304576873779297,12.722983
480,Forecasting,Deep River RNN,TrumpApproval (target only),30.07867354466718,30.56624169452063,126.41371819415245,0.03304576873779297,13.830784999999999
500,Forecasting,Deep River RNN,TrumpApproval (target only),29.794093239784377,30.298984474938685,124.38150358871654,0.03304576873779297,14.985826
520,Forecasting,Deep River RNN,TrumpApproval (target only),29.496918325812356,30.024183262529743,122.37047928103443,0.03304576873779297,16.186712
540,Forecasting,Deep River RNN,TrumpApproval (target only),29.183858856614894,29.740623999734023,120.3693113143485,0.03354930877685547,17.435684
560,Forecasting,Deep River RNN,TrumpApproval (target only),28.83615769238757,29.435158024626315,118.33513549911723,0.03304576873779297,18.730864999999998
580,Forecasting,Deep River RNN,TrumpApproval (target only),28.53936980400212,29.16618694938368,116.45230017245197,0.03304576873779297,20.072204999999997
600,Forecasting,Deep River RNN,TrumpApproval (target only),28.258333102567246,28.910153073832518,114.64173219766356,0.03354930877685547,21.461582999999997
620,Forecasting,Deep River RNN,TrumpApproval (target only),27.97043935816582,28.651279428792925,112.85356215015632,0.03304576873779297,22.896587999999998
640,Forecasting,Deep River RNN,TrumpApproval (target only),27.682004130691244,28.394070103933053,111.09967733401895,0.03304576873779297,24.379969999999997
660,Forecasting,Deep River RNN,TrumpApproval (target only),27.373898462872777,28.126498121835557,109.33633340082353,0.03304576873779297,25.910854999999998
680,Forecasting,Deep River RNN,TrumpApproval (target only),27.02774509247158,27.83904559821194,107.51857131964009,0.03304576873779297,27.488948999999998
700,Forecasting,Deep River RNN,TrumpApproval (target only),26.65888982709499,27.542074779406025,105.67804775479227,0.03304576873779297,29.113398999999998
720,Forecasting,Deep River RNN,TrumpApproval (target only),26.354972718160024,27.282985814364206,104.01799427393026,0.03304576873779297,30.785156999999998
740,Forecasting,Deep River RNN,TrumpApproval (target only),26.038869681984313,27.01950875390091,102.35929472082123,0.03304576873779297,32.505457
760,Forecasting,Deep River RNN,TrumpApproval (target only),25.731006112137663,26.762942700276167,100.7473016991321,0.03304576873779297,34.274056
780,Forecasting,Deep River RNN,TrumpApproval (target only),25.409457348141675,26.502025575849622,99.13065028510549,0.03304576873779297,36.092438
800,Forecasting,Deep River RNN,TrumpApproval (target only),25.10109319725979,26.250403233877464,97.57033577883702,0.03304576873779297,37.957363
820,Forecasting,Deep River RNN,TrumpApproval (target only),24.775098712639302,25.993007465361174,95.99446264245816,0.03304576873779297,39.86807
840,Forecasting,Deep River RNN,TrumpApproval (target only),24.470838972107916,25.748365145341012,94.4934372678351,0.03304576873779297,41.824675000000006
860,Forecasting,Deep River RNN,TrumpApproval (target only),24.16691756854888,25.506556876406286,93.01687196920233,0.03354930877685547,43.82804800000001
880,Forecasting,Deep River RNN,TrumpApproval (target only),23.86001428051967,25.266316659050332,91.55637166951827,0.03304576873779297,45.87630800000001
900,Forecasting,Deep River RNN,TrumpApproval (target only),23.536503032984996,25.02257476234487,90.07931926887422,0.03304576873779297,47.970870000000005
920,Forecasting,Deep River RNN,TrumpApproval (target only),23.208855144519106,24.780555322349997,88.6140879765816,0.03354930877685547,50.111771000000005
940,Forecasting,Deep River RNN,TrumpApproval (target only),22.892315878266693,24.54586697954597,87.19584882215987,0.03304576873779297,52.29955100000001
960,Forecasting,Deep River RNN,TrumpApproval (target only),22.55852037836047,24.30929024405662,85.75708803886462,0.03304576873779297,54.534279000000005
980,Forecasting,Deep River RNN,TrumpApproval (target only),22.222558931401693,24.07573425947343,84.33310142048957,0.03304576873779297,56.815096000000004
986,Forecasting,Deep River RNN,TrumpApproval (target only),22.125268188446665,24.00730036223419,83.91806499921051,0.03354930877685547,59.110113000000005
2,Forecasting,Deep River GRU,AirlinePassengers (target only),133.294335603714,133.407796066174,198.39624215774307,0.032978057861328125,0.008841
4,Forecasting,Deep River GRU,AirlinePassengers (target only),137.4426782950759,137.91927326447038,198.36148844598145,0.032978057861328125,0.025147000000000003
6,Forecasting,Deep River GRU,AirlinePassengers (target only),146.25833140479193,147.17149564885165,198.41092124226287,0.032978057861328125,0.049869000000000004
8,Forecasting,Deep River GRU,AirlinePassengers (target only),145.61551508183283,146.66427244523123,198.37258775090626,0.032978057861328125,0.08410400000000001
10,Forecasting,Deep River GRU,AirlinePassengers (target only),142.5563221325477,143.6564538365916,198.27272094187305,0.032978057861328125,0.127777
12,Forecasting,Deep River GRU,AirlinePassengers (target only),143.89993164026077,144.91373919239803,198.23964493847714,0.032978057861328125,0.17932700000000001
14,Forecasting,Deep River GRU,AirlinePassengers (target only),147.1399218986432,148.25034237579513,198.23301663415822,0.032978057861328125,0.239354
16,Forecasting,Deep River GRU,AirlinePassengers (target only),150.7731664273888,152.0588091714039,198.2262864036573,0.032978057861328125,0.30875
18,Forecasting,Deep River GRU,AirlinePassengers (target only),155.37217378230008,157.04908381695097,198.23068348934402,0.032978057861328125,0.38799300000000003
20,Forecasting,Deep River GRU,AirlinePassengers (target only),157.03034535398086,158.72066530277107,198.2093624163533,0.032978057861328125,0.47566400000000003
22,Forecasting,Deep River GRU,AirlinePassengers (target only),157.17125641532016,158.73336721024748,198.1604794590612,0.033481597900390625,0.572086
24,Forecasting,Deep River GRU,AirlinePassengers (target only),158.7301246304479,160.24681256323836,198.13177657633057,0.033481597900390625,0.676565
26,Forecasting,Deep River GRU,AirlinePassengers (target only),160.68716624035287,162.2223249342482,198.11149761340195,0.033481597900390625,0.789678
28,Forecasting,Deep River GRU,AirlinePassengers (target only),163.57594432114138,165.37587811083526,198.09495710683697,0.033481597900390625,0.914522
30,Forecasting,Deep River GRU,AirlinePassengers (target only),167.83196515738965,170.2457108774552,198.0955688130576,0.033481597900390625,1.049896
32,Forecasting,Deep River GRU,AirlinePassengers (target only),169.91724699766687,172.4442614813879,198.07790334578348,0.032978057861328125,1.1937959999999999
34,Forecasting,Deep River GRU,AirlinePassengers (target only),170.82262757216014,173.2437701368362,198.0397528776736,0.032978057861328125,1.347068
36,Forecasting,Deep River GRU,AirlinePassengers (target only),172.50393187640992,174.938060076498,198.01026571923154,0.032978057861328125,1.5086929999999998
38,Forecasting,Deep River GRU,AirlinePassengers (target only),175.3474585045325,178.05401104878655,197.99320038772782,0.032978057861328125,1.6784259999999998
40,Forecasting,Deep River GRU,AirlinePassengers (target only),178.53746063783765,181.61091326847216,197.9801304256526,0.032978057861328125,1.8582269999999999
42,Forecasting,Deep River GRU,AirlinePassengers (target only),182.2866231531851,185.9379947808591,197.97358061929833,0.032978057861328125,2.0470729999999997
44,Forecasting,Deep River GRU,AirlinePassengers (target only),184.14784970044187,187.9050366660384,197.95353289068586,0.032978057861328125,2.245468
46,Forecasting,Deep River GRU,AirlinePassengers (target only),184.60678734533167,188.22177878036888,197.91278690849762,0.032978057861328125,2.4522939999999998
48,Forecasting,Deep River GRU,AirlinePassengers (target only),185.32477464423414,188.83484829109037,197.87725129389207,0.032978057861328125,2.667554
50,Forecasting,Deep River GRU,AirlinePassengers (target only),186.8239483342568,190.33729736637662,197.85135888442835,0.032978057861328125,2.891475
52,Forecasting,Deep River GRU,AirlinePassengers (target only),189.353833366472,193.1598631802588,197.83605563895296,0.032978057861328125,3.124058
54,Forecasting,Deep River GRU,AirlinePassengers (target only),192.85540033435382,197.29745139582158,197.8333229168671,0.032978057861328125,3.3649609999999996
56,Forecasting,Deep River GRU,AirlinePassengers (target only),194.67092621060357,199.22360791514083,197.81818193899454,0.032978057861328125,3.613898
58,Forecasting,Deep River GRU,AirlinePassengers (target only),195.57249927161072,200.0238172158367,197.7882419629168,0.032978057861328125,3.870621
60,Forecasting,Deep River GRU,AirlinePassengers (target only),197.0292709623774,201.46711878254513,197.7663589374814,0.032978057861328125,4.137671
62,Forecasting,Deep River GRU,AirlinePassengers (target only),199.08426908860287,203.66021788856514,197.75084081403395,0.032978057861328125,4.413578
64,Forecasting,Deep River GRU,AirlinePassengers (target only),202.19702417294806,207.36782277378035,197.74294422110617,0.032978057861328125,4.698666
66,Forecasting,Deep River GRU,AirlinePassengers (target only),206.36227800523997,212.62479424390258,197.74598420245522,0.032978057861328125,4.992142
68,Forecasting,Deep River GRU,AirlinePassengers (target only),208.84500136226418,215.4250883818847,197.73872012692968,0.032978057861328125,5.294461
70,Forecasting,Deep River GRU,AirlinePassengers (target only),210.38464630969935,216.9437514393159,197.71887189047274,0.032978057861328125,5.606281
72,Forecasting,Deep River GRU,AirlinePassengers (target only),212.43480124034815,219.10156217118708,197.7054172499436,0.032978057861328125,5.927931
74,Forecasting,Deep River GRU,AirlinePassengers (target only),214.99461292374778,221.9519558183231,197.69640808502686,0.032978057861328125,6.257804
76,Forecasting,Deep River GRU,AirlinePassengers (target only),218.53700325167495,226.30398573349734,197.6930175802937,0.032978057861328125,6.595855
78,Forecasting,Deep River GRU,AirlinePassengers (target only),222.98638964934736,232.06913115902984,197.69779333004257,0.032978057861328125,6.94296
80,Forecasting,Deep River GRU,AirlinePassengers (target only),225.68308144869906,235.15930276027038,197.6930329918614,0.032978057861328125,7.297683
82,Forecasting,Deep River GRU,AirlinePassengers (target only),227.34069131605509,236.772750384785,197.6767382203639,0.032978057861328125,7.660621
84,Forecasting,Deep River GRU,AirlinePassengers (target only),229.3905832290886,238.90042828720172,197.66466620141284,0.032978057861328125,8.031122
86,Forecasting,Deep River GRU,AirlinePassengers (target only),232.0030639519294,241.80543532524214,197.65697806353742,0.033481597900390625,8.410432
88,Forecasting,Deep River GRU,AirlinePassengers (target only),235.643563977358,246.32099415643387,197.65475613392223,0.033481597900390625,8.797983
90,Forecasting,Deep River GRU,AirlinePassengers (target only),240.3176236136092,252.51041860365032,197.6603115252543,0.033481597900390625,9.195116
92,Forecasting,Deep River GRU,AirlinePassengers (target only),243.28030136108828,255.97948768252073,197.65790230623318,0.033481597900390625,9.600936
94,Forecasting,Deep River GRU,AirlinePassengers (target only),245.03445208886413,257.6712135380254,197.64449177241428,0.033481597900390625,10.015699000000001
96,Forecasting,Deep River GRU,AirlinePassengers (target only),246.87088712232392,259.4776139882696,197.6323632996548,0.032978057861328125,10.438631
98,Forecasting,Deep River GRU,AirlinePassengers (target only),248.9274262681502,261.5829862021351,197.62170070427248,0.032978057861328125,10.870766000000001
100,Forecasting,Deep River GRU,AirlinePassengers (target only),252.01419701745112,265.2481458186576,197.61630114009253,0.032978057861328125,11.311240000000002
102,Forecasting,Deep River GRU,AirlinePassengers (target only),256.27321219142357,270.78411907114474,197.61967651383034,0.032978057861328125,11.760631000000002
104,Forecasting,Deep River GRU,AirlinePassengers (target only),258.7970989240477,273.63875432318275,197.61475320788776,0.032978057861328125,12.218499000000001
106,Forecasting,Deep River GRU,AirlinePassengers (target only),260.19350612022964,274.8866458149643,197.5992182723862,0.032978057861328125,12.685132000000001
108,Forecasting,Deep River GRU,AirlinePassengers (target only),261.95099750207163,276.60039407125396,197.58685001142004,0.032978057861328125,13.160250000000001
110,Forecasting,Deep River GRU,AirlinePassengers (target only),264.3074532675924,279.13148620272966,197.57894341781557,0.032978057861328125,13.644079000000001
112,Forecasting,Deep River GRU,AirlinePassengers (target only),267.6563811672053,283.2100205598829,197.57632019973295,0.032978057861328125,14.137133000000002
114,Forecasting,Deep River GRU,AirlinePassengers (target only),272.11806026127255,289.1544018348302,197.58047122829612,0.032978057861328125,14.638731000000002
116,Forecasting,Deep River GRU,AirlinePassengers (target only),275.0228652434274,292.5572098483471,197.57836643228228,0.032978057861328125,15.149581000000001
118,Forecasting,Deep River GRU,AirlinePassengers (target only),276.9725577724351,294.49193745868706,197.56842590437572,0.032978057861328125,15.671631000000001
120,Forecasting,Deep River GRU,AirlinePassengers (target only),279.08433756505457,296.64569268015345,197.56046829976543,0.032978057861328125,16.201951
122,Forecasting,Deep River GRU,AirlinePassengers (target only),281.62618899679256,299.428993231637,197.55423250273864,0.032978057861328125,16.740058
124,Forecasting,Deep River GRU,AirlinePassengers (target only),285.3595597645449,304.14036769121486,197.554032892642,0.032978057861328125,17.289849
126,Forecasting,Deep River GRU,AirlinePassengers (target only),290.03723417679794,310.4960323614665,197.55905560490737,0.032978057861328125,17.849520000000002
128,Forecasting,Deep River GRU,AirlinePassengers (target only),293.09671831169794,314.10732244009023,197.5579627857979,0.032978057861328125,18.417021000000002
129,Forecasting,Deep River GRU,AirlinePassengers (target only),294.11518748393365,315.12280050825944,197.55417193060796,0.032978057861328125,18.988361
20,Forecasting,Deep River GRU,TrumpApproval (target only),41.02538994127433,41.044236934456876,191.5171594963462,0.032939910888671875,0.081239
40,Forecasting,Deep River GRU,TrumpApproval (target only),40.347205797226586,40.36420395725773,188.55973436963973,0.032939910888671875,0.245034
60,Forecasting,Deep River GRU,TrumpApproval (target only),40.087506497633825,40.10204418663528,185.48835090065924,0.032939910888671875,0.495159
80,Forecasting,Deep River GRU,TrumpApproval (target only),39.121136759057194,39.16968857946135,181.8108927301933,0.032939910888671875,0.829952
100,Forecasting,Deep River GRU,TrumpApproval (target only),38.20822225782482,38.29210893138574,177.98791954069313,0.032939910888671875,1.246556
120,Forecasting,Deep River GRU,TrumpApproval (target only),37.59091925132507,37.68777487607188,174.37641378822929,0.032939910888671875,1.745892
140,Forecasting,Deep River GRU,TrumpApproval (target only),36.92771601100276,37.04852165439245,170.7595917162781,0.032939910888671875,2.325741
160,Forecasting,Deep River GRU,TrumpApproval (target only),36.16892190961369,36.33252881303706,167.06497453624598,0.032939910888671875,2.9925029999999997
180,Forecasting,Deep River GRU,TrumpApproval (target only),35.504741045023664,35.702661921368346,163.48082518777633,0.032939910888671875,3.739908
200,Forecasting,Deep River GRU,TrumpApproval (target only),35.02554626666952,35.235733441750966,160.1725583833014,0.032939910888671875,4.571152
220,Forecasting,Deep River GRU,TrumpApproval (target only),34.48622995921677,34.72272046354033,156.84180640300667,0.033443450927734375,5.483809
240,Forecasting,Deep River GRU,TrumpApproval (target only),33.92598568781858,34.197046842614405,153.54632078223747,0.032939910888671875,6.476038
260,Forecasting,Deep River GRU,TrumpApproval (target only),33.43671750707993,33.733289656302496,150.42376026023388,0.032939910888671875,7.550511
280,Forecasting,Deep River GRU,TrumpApproval (target only),32.90028075408269,33.23713085301061,147.27503760491368,0.033443450927734375,8.710075
300,Forecasting,Deep River GRU,TrumpApproval (target only),32.41897547105633,32.787756812802996,144.30079139404668,0.032939910888671875,9.951915
320,Forecasting,Deep River GRU,TrumpApproval (target only),32.03285303229097,32.41763969007303,141.58097345662017,0.032939910888671875,11.276691
340,Forecasting,Deep River GRU,TrumpApproval (target only),31.7278841017805,32.11707025927669,139.08749060025752,0.032939910888671875,12.683201
360,Forecasting,Deep River GRU,TrumpApproval (target only),31.409355941747773,31.80822652074391,136.63933396486786,0.032939910888671875,14.171267
380,Forecasting,Deep River GRU,TrumpApproval (target only),31.09759732959483,31.50723197959447,134.27141165107048,0.032939910888671875,15.739982000000001
400,Forecasting,Deep River GRU,TrumpApproval (target only),30.77597298551423,31.200879086399603,131.94649386582367,0.032939910888671875,17.39413
420,Forecasting,Deep River GRU,TrumpApproval (target only),30.473492733556753,30.91207425831149,129.7183281588675,0.032939910888671875,19.128918
440,Forecasting,Deep River GRU,TrumpApproval (target only),30.228557345917594,30.671267657177435,127.66068832978901,0.032939910888671875,20.945795999999998
460,Forecasting,Deep River GRU,TrumpApproval (target only),29.953468861773874,30.408409583134045,125.59692191596307,0.032939910888671875,22.843183999999997
480,Forecasting,Deep River GRU,TrumpApproval (target only),29.687764732856678,30.154810321065977,123.60248855938325,0.032939910888671875,24.823952999999996
500,Forecasting,Deep River GRU,TrumpApproval (target only),29.40525090790805,29.890226744294186,121.62149339793723,0.032939910888671875,26.885285999999997
520,Forecasting,Deep River GRU,TrumpApproval (target only),29.110055453930514,29.61800355982134,119.65926153083464,0.032939910888671875,29.030109999999997
540,Forecasting,Deep River GRU,TrumpApproval (target only),28.798903470744875,29.33695634155708,117.70466345641913,0.033443450927734375,31.254636999999995
560,Forecasting,Deep River GRU,TrumpApproval (target only),28.45304583771835,29.03399982212342,115.71479884767919,0.032939910888671875,33.569086999999996
580,Forecasting,Deep River GRU,TrumpApproval (target only),28.158051747016227,28.76736587405987,113.87513157040429,0.032939910888671875,35.97564499999999
600,Forecasting,Deep River GRU,TrumpApproval (target only),27.87875882305529,28.5135773819127,112.10627510353928,0.033443450927734375,38.47554499999999
620,Forecasting,Deep River GRU,TrumpApproval (target only),27.592560643284234,28.25690757784008,110.35822977552206,0.032939910888671875,41.06128999999999
640,Forecasting,Deep River GRU,TrumpApproval (target only),27.305776754088978,28.001852578492052,108.64304785170887,0.032939910888671875,43.72955199999999
660,Forecasting,Deep River GRU,TrumpApproval (target only),26.999279995462686,27.736446192258995,106.91691944654481,0.032939910888671875,46.475134999999995
680,Forecasting,Deep River GRU,TrumpApproval (target only),26.654695184654326,27.451258410083927,105.13485647661098,0.032939910888671875,49.30348599999999
700,Forecasting,Deep River GRU,TrumpApproval (target only),26.28737136346778,27.15663368160796,103.32872977053253,0.032939910888671875,52.21244299999999
720,Forecasting,Deep River GRU,TrumpApproval (target only),25.984954301523786,26.899613470573474,101.70239661871429,0.032939910888671875,55.22117399999999
740,Forecasting,Deep River GRU,TrumpApproval (target only),25.670316653755478,26.63823299673941,100.07629338046465,0.032939910888671875,58.30994999999999
760,Forecasting,Deep River GRU,TrumpApproval (target only),25.363885203080777,26.383714872326824,98.49594261553423,0.032939910888671875,61.486729999999994
780,Forecasting,Deep River GRU,TrumpApproval (target only),25.043735640070416,26.124899936807147,96.90991549142852,0.032939910888671875,64.76153199999999
800,Forecasting,Deep River GRU,TrumpApproval (target only),24.736739949186408,25.875312253900503,95.37938526992608,0.032939910888671875,68.12696599999998
820,Forecasting,Deep River GRU,TrumpApproval (target only),24.412082947935975,25.620041510808807,93.83235851817155,0.032939910888671875,71.57303399999998
840,Forecasting,Deep River GRU,TrumpApproval (target only),24.10913232109986,25.377409602612136,92.35944628116471,0.032939910888671875,75.10110299999998
860,Forecasting,Deep River GRU,TrumpApproval (target only),23.80649162851421,25.137613389566003,90.91020779991882,0.033443450927734375,78.71168699999998
880,Forecasting,Deep River GRU,TrumpApproval (target only),23.50084158754009,24.899409739769133,89.47627337713388,0.032939910888671875,82.40571799999998
900,Forecasting,Deep River GRU,TrumpApproval (target only),23.178556589962614,24.657826309230867,88.0250210204816,0.032939910888671875,86.18080599999998
920,Forecasting,Deep River GRU,TrumpApproval (target only),22.85210918222263,24.418017292617503,86.58489536043241,0.033443450927734375,90.04326799999997
940,Forecasting,Deep River GRU,TrumpApproval (target only),22.53674601799624,24.18548573930144,85.19113598580735,0.032939910888671875,93.98721599999998
960,Forecasting,Deep River GRU,TrumpApproval (target only),22.20410224185507,23.951230688973403,83.77619165573907,0.032939910888671875,98.01528699999997
980,Forecasting,Deep River GRU,TrumpApproval (target only),21.86926921125426,23.720052018997464,82.37541726748667,0.032939910888671875,102.12690699999997
986,Forecasting,Deep River GRU,TrumpApproval (target only),21.772312632229593,23.652308809220333,81.96723684013128,0.033443450927734375,106.26435699999998
2,Forecasting,Deep River LSTM,AirlinePassengers (target only),133.60297780980667,133.7162898434141,199.31053247139357,0.03297996520996094,0.00715
4,Forecasting,Deep River LSTM,AirlinePassengers (target only),137.75891669280827,138.2347168756658,199.28142113172058,0.03297996520996094,0.020116000000000002
6,Forecasting,Deep River LSTM,AirlinePassengers (target only),146.58217501060832,147.49445697349736,199.29725004285416,0.03297996520996094,0.039431
8,Forecasting,Deep River LSTM,AirlinePassengers (target only),145.94699012922746,146.9945663519343,199.28219894174214,0.03297996520996094,0.06454599999999999
10,Forecasting,Deep River LSTM,AirlinePassengers (target only),142.89545106639466,143.99303482674256,199.22916780838887,0.03297996520996094,0.095414
12,Forecasting,Deep River LSTM,AirlinePassengers (target only),144.24700466129516,145.25867683051843,199.20850095805253,0.03297996520996094,0.132293
14,Forecasting,Deep River LSTM,AirlinePassengers (target only),147.4953036666626,148.6044037737092,199.2013292597835,0.03297996520996094,0.174567
16,Forecasting,Deep River LSTM,AirlinePassengers (target only),151.1375924758613,152.42275979825445,199.1949831570361,0.03297996520996094,0.222367
18,Forecasting,Deep River LSTM,AirlinePassengers (target only),155.74620929525958,157.42360646262978,199.19497318966452,0.03297996520996094,0.276763
20,Forecasting,Deep River LSTM,AirlinePassengers (target only),157.4146466948092,159.10619152848366,199.18600245705352,0.03297996520996094,0.33705399999999996
22,Forecasting,Deep River LSTM,AirlinePassengers (target only),157.56587375271502,159.1289021903924,199.1622666553312,0.03348350524902344,0.403551
24,Forecasting,Deep River LSTM,AirlinePassengers (target only),159.13459661540887,160.65275641989606,199.14702776190182,0.03348350524902344,0.475729
26,Forecasting,Deep River LSTM,AirlinePassengers (target only),161.10153599847587,162.63911650282805,199.1363280546012,0.03348350524902344,0.553772
28,Forecasting,Deep River LSTM,AirlinePassengers (target only),164.0004923127237,165.80362448358494,199.1269983033825,0.03348350524902344,0.6378860000000001
30,Forecasting,Deep River LSTM,AirlinePassengers (target only),168.26722961862885,170.68565633146054,199.12669954079394,0.03348350524902344,0.7289500000000001
32,Forecasting,Deep River LSTM,AirlinePassengers (target only),170.36424169161668,172.8973747278536,199.11999597257068,0.03297996520996094,0.8270160000000001
34,Forecasting,Deep River LSTM,AirlinePassengers (target only),171.28202425557026,173.7095448765048,199.1036775803464,0.03297996520996094,0.9309940000000001
36,Forecasting,Deep River LSTM,AirlinePassengers (target only),172.9759727721965,175.41745770258004,199.0909783862007,0.03297996520996094,1.041144
38,Forecasting,Deep River LSTM,AirlinePassengers (target only),175.83253340187827,178.5482987888915,199.08372371096291,0.03297996520996094,1.156824
40,Forecasting,Deep River LSTM,AirlinePassengers (target only),179.03561768680814,182.12038328635825,199.0784385340023,0.03297996520996094,1.2785190000000002
42,Forecasting,Deep River LSTM,AirlinePassengers (target only),182.79766868480618,186.4625885728954,199.0758032320338,0.03297996520996094,1.4060430000000002
44,Forecasting,Deep River LSTM,AirlinePassengers (target only),184.67128651002142,188.44334421342708,199.0675403211369,0.03297996520996094,1.5400800000000001
46,Forecasting,Deep River LSTM,AirlinePassengers (target only),185.14189517044505,188.7713888017259,199.04836744806937,0.03297996520996094,1.6804040000000002
48,Forecasting,Deep River LSTM,AirlinePassengers (target only),185.87084025248058,189.3953736109051,199.03080450442621,0.03297996520996094,1.8278820000000002
50,Forecasting,Deep River LSTM,AirlinePassengers (target only),187.38043542444706,190.9087812435009,199.01662699907018,0.03297996520996094,1.9820040000000003
52,Forecasting,Deep River LSTM,AirlinePassengers (target only),189.92057027705968,193.74247988291253,199.0075763744162,0.03297996520996094,2.1419690000000005
54,Forecasting,Deep River LSTM,AirlinePassengers (target only),193.43243138234556,197.8917817353693,199.00484347874473,0.03297996520996094,2.3082100000000003
56,Forecasting,Deep River LSTM,AirlinePassengers (target only),195.25838901404111,199.82959932369238,198.99696114484576,0.03297996520996094,2.4812870000000005
58,Forecasting,Deep River LSTM,AirlinePassengers (target only),196.17053645078477,200.6404805788283,198.98201953597652,0.03297996520996094,2.6602660000000005
60,Forecasting,Deep River LSTM,AirlinePassengers (target only),197.63795632438527,202.09522230940502,198.97100846364427,0.03297996520996094,2.8460250000000005
62,Forecasting,Deep River LSTM,AirlinePassengers (target only),199.7035830134666,204.3001533756146,198.96282002907637,0.03297996520996094,3.0376780000000005
64,Forecasting,Deep River LSTM,AirlinePassengers (target only),202.82674624118954,208.01938063772906,198.95794810905815,0.03297996520996094,3.2357710000000006
66,Forecasting,Deep River LSTM,AirlinePassengers (target only),207.00180457607664,213.28710498319157,198.95767645215835,0.03297996520996094,3.4405170000000007
68,Forecasting,Deep River LSTM,AirlinePassengers (target only),209.49372551137327,216.09763137404732,198.95189555317927,0.03297996520996094,3.651586000000001
70,Forecasting,Deep River LSTM,AirlinePassengers (target only),211.0425000219118,217.62590526514052,198.93949449354892,0.03297996520996094,3.8693660000000007
72,Forecasting,Deep River LSTM,AirlinePassengers (target only),213.10191956300426,219.79393126468085,198.9305375906673,0.03297996520996094,4.0943510000000005
74,Forecasting,Deep River LSTM,AirlinePassengers (target only),215.6712008083726,222.65495716131008,198.92398831977468,0.03297996520996094,4.325736000000001
76,Forecasting,Deep River LSTM,AirlinePassengers (target only),219.22326978439824,227.01769611608168,198.9205322694668,0.03297996520996094,4.562939000000001
78,Forecasting,Deep River LSTM,AirlinePassengers (target only),223.6825283719943,232.79365887290743,198.92138361906538,0.03297996520996094,4.806457000000001
80,Forecasting,Deep River LSTM,AirlinePassengers (target only),226.38927533254028,235.89535370333297,198.91796306792395,0.03297996520996094,5.056304000000001
82,Forecasting,Deep River LSTM,AirlinePassengers (target only),228.0570956618805,237.51990592202569,198.90896059560072,0.03297996520996094,5.313452000000001
84,Forecasting,Deep River LSTM,AirlinePassengers (target only),230.11730239126416,239.65919427372364,198.9021767767266,0.03297996520996094,5.576955000000001
86,Forecasting,Deep River LSTM,AirlinePassengers (target only),232.74019141506778,242.57617662288212,198.8975329641126,0.03348350524902344,5.846742000000001
88,Forecasting,Deep River LSTM,AirlinePassengers (target only),236.39119311083445,247.10376180762546,198.8956803614631,0.03348350524902344,6.1232050000000005
90,Forecasting,Deep River LSTM,AirlinePassengers (target only),241.07584941607934,253.30505797428214,198.89772122368012,0.03348350524902344,6.406232
92,Forecasting,Deep River LSTM,AirlinePassengers (target only),244.04922217152256,256.78650685044653,198.89620539411587,0.03348350524902344,6.695537
94,Forecasting,Deep River LSTM,AirlinePassengers (target only),245.81415356959855,258.4901602570843,198.88939373623782,0.03348350524902344,6.991669
96,Forecasting,Deep River LSTM,AirlinePassengers (target only),247.66141006309124,260.30869774137847,198.8832636709358,0.03297996520996094,7.296407
98,Forecasting,Deep River LSTM,AirlinePassengers (target only),249.72880021345858,262.4263798407888,198.87778332036734,0.03297996520996094,7.609648
100,Forecasting,Deep River LSTM,AirlinePassengers (target only),252.82640313188236,266.1040074032246,198.8747820784489,0.03297996520996094,7.930015
102,Forecasting,Deep River LSTM,AirlinePassengers (target only),257.09613909421404,271.65220722067096,198.87592174096503,0.03297996520996094,8.257189
104,Forecasting,Deep River LSTM,AirlinePassengers (target only),259.63063230327305,274.5189054259108,198.87314065677708,0.03297996520996094,8.593281000000001
106,Forecasting,Deep River LSTM,AirlinePassengers (target only),261.0377020657812,275.7781866089557,198.86522009376026,0.03297996520996094,8.936230000000002
108,Forecasting,Deep River LSTM,AirlinePassengers (target only),262.8059202883347,277.50380619373715,198.8588674925521,0.03297996520996094,9.287019000000003
110,Forecasting,Deep River LSTM,AirlinePassengers (target only),265.1731595602903,280.0472911313897,198.85466390438086,0.03297996520996094,9.644250000000003
112,Forecasting,Deep River LSTM,AirlinePassengers (target only),268.53292972381627,284.1384885952979,198.85309134683013,0.03297996520996094,10.007360000000004
114,Forecasting,Deep River LSTM,AirlinePassengers (target only),273.00551320098293,290.0952470441622,198.85480273950353,0.03297996520996094,10.379011000000004
116,Forecasting,Deep River LSTM,AirlinePassengers (target only),275.9212875280572,293.51073490234273,198.85373751562838,0.03297996520996094,10.757181000000005
118,Forecasting,Deep River LSTM,AirlinePassengers (target only),277.88200899470326,295.457873448009,198.84890859464804,0.03297996520996094,11.141911000000004
120,Forecasting,Deep River LSTM,AirlinePassengers (target only),280.0048587469591,297.6243525582505,198.84506928607462,0.03297996520996094,11.533297000000005
122,Forecasting,Deep River LSTM,AirlinePassengers (target only),282.5578184360689,300.42057636689924,198.84201622128276,0.03297996520996094,11.930663000000004
124,Forecasting,Deep River LSTM,AirlinePassengers (target only),286.30233588285984,305.1451060920538,198.84189448698427,0.03297996520996094,12.334434000000005
126,Forecasting,Deep River LSTM,AirlinePassengers (target only),290.9912005114177,311.5133715930022,198.8442633356586,0.03297996520996094,12.745181000000006
128,Forecasting,Deep River LSTM,AirlinePassengers (target only),294.0619226060807,315.13772241916445,198.84389026147076,0.03297996520996094,13.162124000000006
129,Forecasting,Deep River LSTM,AirlinePassengers (target only),295.08602833239604,316.1596214852679,198.84222548034222,0.03297996520996094,13.582670000000006
20,Forecasting,Deep River LSTM,TrumpApproval (target only),41.55805997822602,41.574179067025774,196.45226092102456,0.03294181823730469,0.056755
40,Forecasting,Deep River LSTM,TrumpApproval (target only),41.007523804795106,41.0212068677369,194.63226639202222,0.03294181823730469,0.168638
60,Forecasting,Deep River LSTM,TrumpApproval (target only),40.84682240625127,40.85785738342732,192.32346308417448,0.03294181823730469,0.337387
80,Forecasting,Deep River LSTM,TrumpApproval (target only),39.92522880120532,39.96716882800367,189.01304726912159,0.03294181823730469,0.561863
100,Forecasting,Deep River LSTM,TrumpApproval (target only),39.01188299510092,39.08938242389428,185.13129204092314,0.03294181823730469,0.843172
120,Forecasting,Deep River LSTM,TrumpApproval (target only),38.3763800390055,38.46887522919532,181.27075423069357,0.03294181823730469,1.178892
140,Forecasting,Deep River LSTM,TrumpApproval (target only),37.66326647845985,37.78532224233022,177.16104645575743,0.03294181823730469,1.57379
160,Forecasting,Deep River LSTM,TrumpApproval (target only),36.826619439456145,37.00229215352751,172.77491835184378,0.03294181823730469,2.026072
180,Forecasting,Deep River LSTM,TrumpApproval (target only),36.095814198881506,36.31434745635161,168.60314088148192,0.03294181823730469,2.534708
200,Forecasting,Deep River LSTM,TrumpApproval (target only),35.570001124376546,35.80461953432345,164.86964247431413,0.03294181823730469,3.098541
220,Forecasting,Deep River LSTM,TrumpApproval (target only),34.99180174379256,35.256558395395274,161.1845270341701,0.03344535827636719,3.721738
240,Forecasting,Deep River LSTM,TrumpApproval (target only),34.39853915176106,34.701398392911784,157.58807465023372,0.03294181823730469,4.399852
260,Forecasting,Deep River LSTM,TrumpApproval (target only),33.888305668407824,34.217831778738656,154.2534002350815,0.03294181823730469,5.134629
280,Forecasting,Deep River LSTM,TrumpApproval (target only),33.33920660177766,33.70900402602154,150.95482801482956,0.03344535827636719,5.922882
300,Forecasting,Deep River LSTM,TrumpApproval (target only),32.851068197154476,33.251772405797254,147.87176800838182,0.03294181823730469,6.767963
320,Forecasting,Deep River LSTM,TrumpApproval (target only),32.46239262249571,32.877370895218846,145.07103374234197,0.03294181823730469,7.668902
340,Forecasting,Deep River LSTM,TrumpApproval (target only),32.1580409667368,32.575451955501286,142.5164672130221,0.03294181823730469,8.623496
360,Forecasting,Deep River LSTM,TrumpApproval (target only),31.84163202566308,32.26657254501181,140.019328564081,0.03294181823730469,9.630727
380,Forecasting,Deep River LSTM,TrumpApproval (target only),31.530385035003714,31.96439382451285,137.5964914819917,0.03294181823730469,10.694729
400,Forecasting,Deep River LSTM,TrumpApproval (target only),31.208457284160662,31.656289552484417,135.21540711046842,0.03294181823730469,11.813801000000002
420,Forecasting,Deep River LSTM,TrumpApproval (target only),30.905699181192112,31.365897424825814,132.93335438084813,0.03294181823730469,12.990591000000002
440,Forecasting,Deep River LSTM,TrumpApproval (target only),30.660885646772947,31.124013852923508,130.82491995671612,0.03294181823730469,14.221187000000002
460,Forecasting,Deep River LSTM,TrumpApproval (target only),30.38648977563392,30.860514931961205,128.71587978731947,0.03294181823730469,15.505874000000002
480,Forecasting,Deep River LSTM,TrumpApproval (target only),30.12212302774433,30.606861287293253,126.68089912263639,0.03294181823730469,16.847647000000002
500,Forecasting,Deep River LSTM,TrumpApproval (target only),29.841617686043328,30.342697534417216,124.66442844717565,0.03294181823730469,18.246515000000002
520,Forecasting,Deep River LSTM,TrumpApproval (target only),29.54910229296291,30.071359596413068,122.67142678951399,0.03294181823730469,19.702138
540,Forecasting,Deep River LSTM,TrumpApproval (target only),29.241287049790024,29.79153468118091,120.69049095160577,0.03344535827636719,21.213988
560,Forecasting,Deep River LSTM,TrumpApproval (target only),28.899403064161056,29.48997206472038,118.67874920184242,0.03294181823730469,22.781403
580,Forecasting,Deep River LSTM,TrumpApproval (target only),28.60899080935672,29.22554441159047,116.81974561311613,0.03294181823730469,24.406747
600,Forecasting,Deep River LSTM,TrumpApproval (target only),28.33486088598263,28.974469407335032,115.03445772383695,0.03344535827636719,26.086202999999998
620,Forecasting,Deep River LSTM,TrumpApproval (target only),28.054379890112138,28.720780676328275,113.27301802753219,0.03294181823730469,27.821407999999998
640,Forecasting,Deep River LSTM,TrumpApproval (target only),27.77383994870411,28.468978074268193,111.54710090835594,0.03294181823730469,29.611976
660,Forecasting,Deep River LSTM,TrumpApproval (target only),27.47408828675583,28.206793802695916,109.81298004376671,0.03294181823730469,31.461145
680,Forecasting,Deep River LSTM,TrumpApproval (target only),27.136725061234745,27.92440435248044,108.02572512816468,0.03294181823730469,33.364683
700,Forecasting,Deep River LSTM,TrumpApproval (target only),26.77707523493364,27.632281124059077,106.21672642782062,0.03294181823730469,35.324485
720,Forecasting,Deep River LSTM,TrumpApproval (target only),26.482759657675302,27.37902278315068,104.58830487062959,0.03294181823730469,37.340722
740,Forecasting,Deep River LSTM,TrumpApproval (target only),26.176630962388064,27.121237077510653,102.96192606937201,0.03294181823730469,39.41645
760,Forecasting,Deep River LSTM,TrumpApproval (target only),25.879095430095486,26.870521504159203,101.38265273251697,0.03294181823730469,41.548255999999995
780,Forecasting,Deep River LSTM,TrumpApproval (target only),25.568210128078118,26.615191847406674,99.799227468913,0.03294181823730469,43.736929999999994
800,Forecasting,Deep River LSTM,TrumpApproval (target only),25.270828575938687,26.369368930635012,98.27232214226645,0.03294181823730469,45.979741
820,Forecasting,Deep River LSTM,TrumpApproval (target only),24.95611943252441,26.117340299022686,96.73024005007717,0.03294181823730469,48.279149
840,Forecasting,Deep River LSTM,TrumpApproval (target only),24.6634336314896,25.87845515536355,95.26298010249145,0.03294181823730469,50.637364999999996
860,Forecasting,Deep River LSTM,TrumpApproval (target only),24.37136031233843,25.64230927656145,93.82028004485554,0.03344535827636719,53.051742999999995
880,Forecasting,Deep River LSTM,TrumpApproval (target only),24.076566164044014,25.407514105357063,92.39371731960756,0.03294181823730469,55.51961299999999
900,Forecasting,Deep River LSTM,TrumpApproval (target only),23.765412630961336,25.168582276121153,90.9507279246353,0.03294181823730469,58.04180199999999
920,Forecasting,Deep River LSTM,TrumpApproval (target only),23.45035962457719,24.931036415972518,89.51954083025139,0.03344535827636719,60.62113699999999
940,Forecasting,Deep River LSTM,TrumpApproval (target only),23.146641792528094,24.70091334186897,88.13517803386125,0.03294181823730469,63.25633499999999
960,Forecasting,Deep River LSTM,TrumpApproval (target only),22.825883669889162,24.46805478896422,86.73028029669197,0.03294181823730469,65.949163
980,Forecasting,Deep River LSTM,TrumpApproval (target only),22.503166011095946,24.237823730187323,85.34001162278696,0.03294181823730469,68.701153
986,Forecasting,Deep River LSTM,TrumpApproval (target only),22.409887338821385,24.170449768532894,84.93503609384825,0.03344535827636719,71.470979
2,Forecasting,Deep River Liquid,AirlinePassengers (target only),133.2246118982633,133.33809752535808,198.18860520254754,0.032830238342285156,0.018941
4,Forecasting,Deep River Liquid,AirlinePassengers (target only),137.348913098375,137.8249664298417,198.10577695753298,0.032830238342285156,0.055897
6,Forecasting,Deep River Liquid,AirlinePassengers (target only),146.14948355489307,147.06088037217128,198.13096239003707,0.032830238342285156,0.111311
8,Forecasting,Deep River Liquid,AirlinePassengers (target only),145.49433317283788,146.54266440664318,198.0398357897443,0.032830238342285156,0.187834
10,Forecasting,Deep River Liquid,AirlinePassengers (target only),142.42585586309434,143.52646417429676,197.90888159842456,0.032830238342285156,0.284756
12,Forecasting,Deep River Liquid,AirlinePassengers (target only),143.76272878713078,144.776788389462,197.86452026844822,0.032830238342285156,0.401547
14,Forecasting,Deep River Liquid,AirlinePassengers (target only),146.99646059813955,148.10650777603948,197.8508262156496,0.032830238342285156,0.543207
16,Forecasting,Deep River Liquid,AirlinePassengers (target only),150.6241647514204,151.9089892617363,197.84096827742516,0.032830238342285156,0.699295
18,Forecasting,Deep River Liquid,AirlinePassengers (target only),155.2180444399516,156.89359612455192,197.84405794119883,0.032830238342285156,0.869752
20,Forecasting,Deep River Liquid,AirlinePassengers (target only),156.8713485956192,158.56014313092817,197.81126740628594,0.032830238342285156,1.054034
22,Forecasting,Deep River Liquid,AirlinePassengers (target only),157.00721729253277,158.567935038404,197.75113029714285,0.033333778381347656,1.2516269999999998
24,Forecasting,Deep River Liquid,AirlinePassengers (target only),158.56080962220827,160.07580560492462,197.7152061347418,0.033333778381347656,1.4635789999999997
26,Forecasting,Deep River Liquid,AirlinePassengers (target only),160.512798171777,162.04586290027822,197.68807552304207,0.033333778381347656,1.6889659999999997
28,Forecasting,Deep River Liquid,AirlinePassengers (target only),163.396898715269,165.1944019526677,197.66985621840277,0.033333778381347656,1.9275229999999997
30,Forecasting,Deep River Liquid,AirlinePassengers (target only),167.6488725728459,170.05984147892752,197.67119093965516,0.033333778381347656,2.1796709999999995
32,Forecasting,Deep River Liquid,AirlinePassengers (target only),169.7310235053301,172.2552189345545,197.64916144152215,0.032830238342285156,2.4461059999999994
34,Forecasting,Deep River Liquid,AirlinePassengers (target only),170.63407343041663,173.0524040120466,197.60859659459862,0.032830238342285156,2.7262919999999995
36,Forecasting,Deep River Liquid,AirlinePassengers (target only),172.31382042831845,174.74520544522957,197.58011355377906,0.032830238342285156,3.0205709999999995
38,Forecasting,Deep River Liquid,AirlinePassengers (target only),175.15638824826794,177.86050108745607,197.5674125459565,0.032830238342285156,3.3288669999999994
40,Forecasting,Deep River Liquid,AirlinePassengers (target only),178.34563641051452,181.4170784966955,197.55920537684483,0.032830238342285156,3.6507809999999994
42,Forecasting,Deep River Liquid,AirlinePassengers (target only),182.09402936129342,185.74400415100888,197.55764380907934,0.032830238342285156,3.9856879999999992
44,Forecasting,Deep River Liquid,AirlinePassengers (target only),183.9540065256032,187.7102191317078,197.53628754575232,0.032830238342285156,4.334110999999999
46,Forecasting,Deep River Liquid,AirlinePassengers (target only),184.41097371733707,188.02497472352948,197.49282372291043,0.032830238342285156,4.696147999999999
48,Forecasting,Deep River Liquid,AirlinePassengers (target only),185.12640750408173,188.6354207602317,197.45389715089803,0.032830238342285156,5.072149999999999
50,Forecasting,Deep River Liquid,AirlinePassengers (target only),186.6225576289495,190.1344102195712,197.42644915937433,0.032830238342285156,5.461522999999999
52,Forecasting,Deep River Liquid,AirlinePassengers (target only),189.14901989316328,192.9529893867402,197.4111633680582,0.032830238342285156,5.864290999999999
54,Forecasting,Deep River Liquid,AirlinePassengers (target only),192.64686634658295,197.08612698065116,197.4084488469382,0.032830238342285156,6.282035999999999
56,Forecasting,Deep River Liquid,AirlinePassengers (target only),194.45848093004454,199.00801234297109,197.38834432733873,0.032830238342285156,6.713270999999999
58,Forecasting,Deep River Liquid,AirlinePassengers (target only),195.3559872631369,199.8038719241804,197.35336879826423,0.032830238342285156,7.157679999999999
60,Forecasting,Deep River Liquid,AirlinePassengers (target only),196.8085864212778,201.24248981958965,197.32754136132831,0.032830238342285156,7.616336999999999
62,Forecasting,Deep River Liquid,AirlinePassengers (target only),198.85934969943057,203.4305997762576,197.30957540840967,0.032830238342285156,8.088443999999999
64,Forecasting,Deep River Liquid,AirlinePassengers (target only),201.9678398290028,207.13317985801487,197.30141684754648,0.032830238342285156,8.574162999999999
66,Forecasting,Deep River Liquid,AirlinePassengers (target only),206.1287782986959,212.38484335303679,197.30473534932761,0.032830238342285156,9.073413999999998
68,Forecasting,Deep River Liquid,AirlinePassengers (target only),208.60712121456277,215.1800122109098,197.29381778765196,0.032830238342285156,9.585875999999997
70,Forecasting,Deep River Liquid,AirlinePassengers (target only),210.1423298682485,216.69371750196893,197.270214590036,0.032830238342285156,10.111331999999997
72,Forecasting,Deep River Liquid,AirlinePassengers (target only),212.18804256176506,218.84638506263497,197.25392383292453,0.032830238342285156,10.650674999999998
74,Forecasting,Deep River Liquid,AirlinePassengers (target only),214.74340354537105,221.69146314099206,197.24320575247103,0.032830238342285156,11.204102999999998
76,Forecasting,Deep River Liquid,AirlinePassengers (target only),218.2813263791695,226.03826543232685,197.23990872646655,0.032830238342285156,11.772370999999998
78,Forecasting,Deep River Liquid,AirlinePassengers (target only),222.72620492154715,231.79790474620617,197.24512050727614,0.032830238342285156,12.353872999999998
80,Forecasting,Deep River Liquid,AirlinePassengers (target only),225.41829843223096,234.88262795601472,197.2372044439117,0.032830238342285156,12.948958999999999
82,Forecasting,Deep River Liquid,AirlinePassengers (target only),227.07117816587774,236.4907758356328,197.2172759364045,0.032830238342285156,13.557553999999998
84,Forecasting,Deep River Liquid,AirlinePassengers (target only),229.11621112955942,238.61284073159467,197.20210838334557,0.032830238342285156,14.181071999999999
86,Forecasting,Deep River Liquid,AirlinePassengers (target only),231.7236939234327,241.5118099559689,197.1924013542608,0.033333778381347656,14.818219
88,Forecasting,Deep River Liquid,AirlinePassengers (target only),235.35907899069065,246.0212455603361,197.1897668913697,0.033333778381347656,15.468848
90,Forecasting,Deep River Liquid,AirlinePassengers (target only),240.02795600537902,252.2041485225706,197.19548962051817,0.033333778381347656,16.132913
92,Forecasting,Deep River Liquid,AirlinePassengers (target only),242.98536839865258,255.66669952490938,197.19003823014256,0.033333778381347656,16.810295
94,Forecasting,Deep River Liquid,AirlinePassengers (target only),244.73414887604142,257.3523732703043,197.17260615832396,0.033333778381347656,17.501577
96,Forecasting,Deep River Liquid,AirlinePassengers (target only),246.56515626526544,259.1525984467069,197.1565005922565,0.032830238342285156,18.206857
98,Forecasting,Deep River Liquid,AirlinePassengers (target only),248.61622517044043,261.25160055795817,197.14250405932577,0.032830238342285156,18.925846
100,Forecasting,Deep River Liquid,AirlinePassengers (target only),251.69748393535616,264.91028171479314,197.13569200929712,0.032830238342285156,19.658455
102,Forecasting,Deep River Liquid,AirlinePassengers (target only),255.95093628471975,270.43925245820975,197.1385902823228,0.032830238342285156,20.404613
104,Forecasting,Deep River Liquid,AirlinePassengers (target only),258.46923111646606,273.2870634031203,197.129980003385,0.032830238342285156,21.165044
106,Forecasting,Deep River Liquid,AirlinePassengers (target only),259.86003779390325,274.5288863580461,197.1097461473186,0.032830238342285156,21.940108000000002
108,Forecasting,Deep River Liquid,AirlinePassengers (target only),261.61189355894373,276.23628505234205,197.09351651793023,0.032830238342285156,22.728954
110,Forecasting,Deep River Liquid,AirlinePassengers (target only),263.9626496784615,278.7606044427653,197.08292505725345,0.032830238342285156,23.531389
112,Forecasting,Deep River Liquid,AirlinePassengers (target only),267.30579874700027,282.83213698085336,197.0791145996207,0.032830238342285156,24.348369
114,Forecasting,Deep River Liquid,AirlinePassengers (target only),271.76160871494585,288.76912737448777,197.08294392608443,0.032830238342285156,25.179325000000002
116,Forecasting,Deep River Liquid,AirlinePassengers (target only),274.6604395940386,292.16453173684835,197.07778397255404,0.032830238342285156,26.024207
118,Forecasting,Deep River Liquid,AirlinePassengers (target only),276.60404653064273,294.09224304129964,197.06414935147734,0.032830238342285156,26.883437
120,Forecasting,Deep River Liquid,AirlinePassengers (target only),278.7096312860648,296.2387291801306,197.05257163400594,0.032830238342285156,27.757545
122,Forecasting,Deep River Liquid,AirlinePassengers (target only),281.24518007593724,299.01437841758155,197.04372321277057,0.032830238342285156,28.645288
124,Forecasting,Deep River Liquid,AirlinePassengers (target only),284.97212938147203,303.71768375131154,197.04241980868537,0.032830238342285156,29.547018
126,Forecasting,Deep River Liquid,AirlinePassengers (target only),289.6432604386062,310.06486706650577,197.0468859378893,0.032830238342285156,30.462741
128,Forecasting,Deep River Liquid,AirlinePassengers (target only),292.69607872826356,313.6678581525769,197.0426827308873,0.032830238342285156,31.392589
129,Forecasting,Deep River Liquid,AirlinePassengers (target only),293.7111693130907,314.67942277340927,197.0367323402069,0.032830238342285156,32.329654
20,Forecasting,Deep River Liquid,TrumpApproval (target only),40.95102972263018,40.97064757841197,190.81485038589392,0.032746315002441406,0.130947
40,Forecasting,Deep River Liquid,TrumpApproval (target only),40.24008173683421,40.25793808480306,187.57048017988873,0.032746315002441406,0.39795400000000003
60,Forecasting,Deep River Liquid,TrumpApproval (target only),39.97135402500534,39.986571552392384,184.43868161908532,0.032746315002441406,0.82829
80,Forecasting,Deep River Liquid,TrumpApproval (target only),39.03018138690249,39.077651618724246,180.9901907392639,0.032746315002441406,1.434871
100,Forecasting,Deep River Liquid,TrumpApproval (target only),38.134525928628534,38.21608094512309,177.3231946970976,0.032746315002441406,2.202359
120,Forecasting,Deep River Liquid,TrumpApproval (target only),37.522348934493806,37.616925902053644,173.76450657816605,0.032746315002441406,3.120864
140,Forecasting,Deep River Liquid,TrumpApproval (target only),36.85256266613316,36.972234557651426,170.10551796278386,0.032746315002441406,4.231263
160,Forecasting,Deep River Liquid,TrumpApproval (target only),36.07924443198571,36.2441727475195,166.3064183279554,0.032746315002441406,5.503582
180,Forecasting,Deep River Liquid,TrumpApproval (target only),35.40624952665866,35.60690876296595,162.665749245949,0.032746315002441406,6.936953
200,Forecasting,Deep River Liquid,TrumpApproval (target only),34.92935805622191,35.141834327529736,159.38567308085706,0.032746315002441406,8.537628999999999
220,Forecasting,Deep River Liquid,TrumpApproval (target only),34.39553728536745,34.633361975196486,156.1039116276373,0.033249855041503906,10.293249999999999
240,Forecasting,Deep River Liquid,TrumpApproval (target only),33.84315470193471,34.11411829895643,152.87173513030135,0.032746315002441406,12.193433999999998
260,Forecasting,Deep River Liquid,TrumpApproval (target only),33.36823542797137,33.66223128948646,149.85210413370422,0.032746315002441406,14.234936999999999
280,Forecasting,Deep River Liquid,TrumpApproval (target only),32.84862062238411,33.17949701537522,146.81935954556218,0.033249855041503906,16.420412
300,Forecasting,Deep River Liquid,TrumpApproval (target only),32.38404712444889,32.743694394591536,143.9561614477617,0.032746315002441406,18.742134999999998
320,Forecasting,Deep River Liquid,TrumpApproval (target only),32.01361659046514,32.38684188846473,141.33622010578713,0.032746315002441406,21.208337999999998
340,Forecasting,Deep River Liquid,TrumpApproval (target only),31.723526633516716,32.09936384983592,138.93344213413837,0.032746315002441406,23.811128999999998
360,Forecasting,Deep River Liquid,TrumpApproval (target only),31.419159524420486,31.802761873987276,136.56923906216107,0.032746315002441406,26.568011999999996
380,Forecasting,Deep River Liquid,TrumpApproval (target only),31.12082740679041,31.51333085796684,134.27845897240965,0.032746315002441406,29.513366999999995
400,Forecasting,Deep River Liquid,TrumpApproval (target only),30.811914143351935,31.217744898151494,132.02456674012657,0.032746315002441406,32.59729299999999
420,Forecasting,Deep River Liquid,TrumpApproval (target only),30.52146020958788,30.939195136939542,129.86132929243269,0.032746315002441406,35.83074799999999
440,Forecasting,Deep River Liquid,TrumpApproval (target only),30.287898205551084,30.708491637503144,127.86240967215072,0.032746315002441406,39.20420899999999
460,Forecasting,Deep River Liquid,TrumpApproval (target only),30.02356347181187,30.45484869638148,125.8528711936812,0.032746315002441406,42.73771699999999
480,Forecasting,Deep River Liquid,TrumpApproval (target only),29.768033764662793,30.209971655084868,123.9080375610109,0.032746315002441406,46.42580699999999
500,Forecasting,Deep River Liquid,TrumpApproval (target only),29.49515377657628,29.95341595437689,121.97275671868319,0.032746315002441406,50.29089299999999
520,Forecasting,Deep River Liquid,TrumpApproval (target only),29.209088866879146,29.68860284596795,120.05264989016219,0.032746315002441406,54.345941999999994
540,Forecasting,Deep River Liquid,TrumpApproval (target only),28.906598543781378,29.414336492509833,118.13692804604835,0.033249855041503906,58.587284999999994
560,Forecasting,Deep River Liquid,TrumpApproval (target only),28.568966676361043,29.117390955486627,116.18319561017275,0.032746315002441406,62.994173999999994
580,Forecasting,Deep River Liquid,TrumpApproval (target only),28.281791679956157,28.856845846493087,114.3762227774784,0.032746315002441406,67.545465
600,Forecasting,Deep River Liquid,TrumpApproval (target only),28.009937758225465,28.60890881815139,112.63727407473911,0.033249855041503906,72.27655999999999
620,Forecasting,Deep River Liquid,TrumpApproval (target only),27.730823880952858,28.357657454090038,110.91680833738796,0.032746315002441406,77.19254699999999
640,Forecasting,Deep River Liquid,TrumpApproval (target only),27.450793554266575,28.107668161080664,109.22701044539316,0.032746315002441406,82.25461899999999
660,Forecasting,Deep River Liquid,TrumpApproval (target only),27.150741908650986,27.846797699740662,107.52441769967662,0.032746315002441406,87.485661
680,Forecasting,Deep River Liquid,TrumpApproval (target only),26.812314582259496,27.56542898093509,105.76433331615766,0.032746315002441406,92.905774
700,Forecasting,Deep River Liquid,TrumpApproval (target only),26.450879672253087,27.274074401087773,103.97862844081239,0.032746315002441406,98.512419
720,Forecasting,Deep River Liquid,TrumpApproval (target only),26.154099399797186,27.020755103018175,102.37066495621428,0.032746315002441406,104.31084399999999
740,Forecasting,Deep River Liquid,TrumpApproval (target only),25.844862615266507,26.7626717970117,100.76156389056285,0.032746315002441406,110.30167199999998
760,Forecasting,Deep River Liquid,TrumpApproval (target only),25.543610690950864,26.511287762711476,99.19682458325254,0.032746315002441406,116.45983799999998
780,Forecasting,Deep River Liquid,TrumpApproval (target only),25.228433117959273,26.255201538917255,97.62525343076022,0.032746315002441406,122.75433499999997
800,Forecasting,Deep River Liquid,TrumpApproval (target only),24.926214224149543,26.008260341010892,96.10796288336921,0.032746315002441406,129.21493699999996
820,Forecasting,Deep River Liquid,TrumpApproval (target only),24.60615066477678,25.755196527363655,94.57321127614354,0.032746315002441406,135.81684999999996
840,Forecasting,Deep River Liquid,TrumpApproval (target only),24.30762054205077,25.51481828905799,93.11149162108515,0.032746315002441406,142.55909299999996
860,Forecasting,Deep River Liquid,TrumpApproval (target only),24.009237497738592,25.277070439562628,91.67254202396349,0.033249855041503906,149.45421799999997
880,Forecasting,Deep River Liquid,TrumpApproval (target only),23.70769139869849,25.0406720325629,90.24807052464654,0.032746315002441406,156.48849499999997
900,Forecasting,Deep River Liquid,TrumpApproval (target only),23.38936523854006,24.80047361580116,88.8055620686255,0.032746315002441406,163.66027499999998
920,Forecasting,Deep River Liquid,TrumpApproval (target only),23.066739403722547,24.56179410234383,87.37346651099855,0.033249855041503906,170.968211
940,Forecasting,Deep River Liquid,TrumpApproval (target only),22.75506782283592,24.330348331547558,85.98702512074247,0.032746315002441406,178.41567899999998
960,Forecasting,Deep River Liquid,TrumpApproval (target only),22.425992505155886,24.096741359825586,84.57881422494252,0.032746315002441406,186.00432199999997
980,Forecasting,Deep River Liquid,TrumpApproval (target only),22.094611185118573,23.865986573478597,83.18418950833905,0.032746315002441406,193.73196299999998
986,Forecasting,Deep River Liquid,TrumpApproval (target only),21.99866824152534,23.79838546897222,82.77773781228942,0.033249855041503906,201.501164
2,Forecasting,Deep River N-BEATS,AirlinePassengers (target only),95.38060887654622,95.59461527930291,110.67896753232955,0.07465648651123047,0.0052
4,Forecasting,Deep River N-BEATS,AirlinePassengers (target only),95.76611010233562,96.2953232221797,106.14510495508566,0.07465648651123047,0.015969
6,Forecasting,Deep River N-BEATS,AirlinePassengers (target only),99.80079099867079,100.40797840271175,103.25737557804746,0.07465648651123047,0.03223
8,Forecasting,Deep River N-BEATS,AirlinePassengers (target only),93.67220401763916,95.41184755945706,94.84030540753514,0.07465648651123047,0.053775
10,Forecasting,Deep River N-BEATS,AirlinePassengers (target only),83.77714335123697,87.75512141467772,83.91241307454013,0.07465648651123047,0.080698
12,Forecasting,Deep River N-BEATS,AirlinePassengers (target only),77.4401086171468,82.3932002471146,75.817436049541,0.07465648651123047,0.113196
14,Forecasting,Deep River N-BEATS,AirlinePassengers (target only),73.33369627453031,78.55895335824403,69.83339483019667,0.07465648651123047,0.15077400000000002
16,Forecasting,Deep River N-BEATS,AirlinePassengers (target only),68.70608933766682,74.63003945348967,63.95951627646738,0.07465648651123047,0.193359
18,Forecasting,Deep River N-BEATS,AirlinePassengers (target only),63.91849574336299,70.9367094918757,58.426473943993216,0.07465648651123047,0.240986
20,Forecasting,Deep River N-BEATS,AirlinePassengers (target only),59.97957382202148,67.98868473860259,53.95337723636354,0.07465648651123047,0.294071
22,Forecasting,Deep River N-BEATS,AirlinePassengers (target only),60.9618789210464,68.32840482917766,52.34830147791586,0.07516002655029297,0.352347
24,Forecasting,Deep River N-BEATS,AirlinePassengers (target only),62.84272978040907,69.7325409559192,51.16967288237803,0.07516002655029297,0.41588
26,Forecasting,Deep River N-BEATS,AirlinePassengers (target only),64.37498161120293,70.85443498054747,50.042269663482855,0.07516002655029297,0.48497
28,Forecasting,Deep River N-BEATS,AirlinePassengers (target only),64.7465304420108,70.84576881215045,48.591605409520184,0.07516002655029297,0.5597260000000001
30,Forecasting,Deep River N-BEATS,AirlinePassengers (target only),62.986456637912326,69.21936867747246,46.39076930734599,0.07516002655029297,0.6400750000000001
32,Forecasting,Deep River N-BEATS,AirlinePassengers (target only),62.29209407170614,68.49266220627577,44.9403069786488,0.07465648651123047,0.725716
34,Forecasting,Deep River N-BEATS,AirlinePassengers (target only),62.622416327981384,68.48843995216686,44.11175801766247,0.07465648651123047,0.816558
36,Forecasting,Deep River N-BEATS,AirlinePassengers (target only),61.698479970296226,67.55946113392334,42.80469396642106,0.07465648651123047,0.91278
38,Forecasting,Deep River N-BEATS,AirlinePassengers (target only),59.06760085256476,65.88294487329453,40.830748818847276,0.07465648651123047,1.014868
40,Forecasting,Deep River N-BEATS,AirlinePassengers (target only),57.35516573588053,64.49292327309223,39.32782156390332,0.07465648651123047,1.122468
42,Forecasting,Deep River N-BEATS,AirlinePassengers (target only),57.01509639195034,63.952346180564234,38.47254823197488,0.07465648651123047,1.2356500000000001
44,Forecasting,Deep River N-BEATS,AirlinePassengers (target only),55.738483891342625,62.962947447291825,37.318731743968975,0.07465648651123047,1.3544710000000002
46,Forecasting,Deep River N-BEATS,AirlinePassengers (target only),54.256100309067875,61.799379588608325,36.157313193850776,0.07465648651123047,1.4787190000000001
48,Forecasting,Deep River N-BEATS,AirlinePassengers (target only),53.118909411960175,60.839083725922386,35.17821167814261,0.07465648651123047,1.6089090000000001
50,Forecasting,Deep River N-BEATS,AirlinePassengers (target only),51.541220703125,59.73984686270935,34.02234682887782,0.07465648651123047,1.745063
52,Forecasting,Deep River N-BEATS,AirlinePassengers (target only),51.08148926955003,59.2645248657901,33.342828160787974,0.07465648651123047,1.886783
54,Forecasting,Deep River N-BEATS,AirlinePassengers (target only),51.999720443913965,60.03941812601559,33.237265796185284,0.07465648651123047,2.03404
56,Forecasting,Deep River N-BEATS,AirlinePassengers (target only),51.53311620439802,59.63596418949653,32.64107030798879,0.07465648651123047,2.18709
58,Forecasting,Deep River N-BEATS,AirlinePassengers (target only),50.09935164177555,58.64641046965028,31.672959878327536,0.07465648651123047,2.345535
60,Forecasting,Deep River N-BEATS,AirlinePassengers (target only),48.833004252115884,57.724387351180916,30.781310233978886,0.07465648651123047,2.509284
62,Forecasting,Deep River N-BEATS,AirlinePassengers (target only),47.64267788138441,56.84005051759934,29.93830203894688,0.07465648651123047,2.6787490000000003
64,Forecasting,Deep River N-BEATS,AirlinePassengers (target only),47.184641997019455,56.45858655305087,29.345751626543308,0.07465648651123047,2.8534170000000003
66,Forecasting,Deep River N-BEATS,AirlinePassengers (target only),47.8827554722025,57.022100042959856,29.14561893304142,0.07465648651123047,3.0335820000000004
68,Forecasting,Deep River N-BEATS,AirlinePassengers (target only),47.49300294763902,56.6496259310454,28.64122642047526,0.07465648651123047,3.2197050000000003
70,Forecasting,Deep River N-BEATS,AirlinePassengers (target only),47.17000427246094,56.24495889584737,28.194189638333093,0.07465648651123047,3.4114830000000005
72,Forecasting,Deep River N-BEATS,AirlinePassengers (target only),46.991324813277636,55.92248539685433,27.781494995103,0.07465648651123047,3.6088120000000004
74,Forecasting,Deep River N-BEATS,AirlinePassengers (target only),46.382781570022175,55.35769358241067,27.238996629257137,0.07465648651123047,3.8116290000000004
76,Forecasting,Deep River N-BEATS,AirlinePassengers (target only),45.85300472326446,54.86092142976274,26.715212631678806,0.07465648651123047,4.020174000000001
78,Forecasting,Deep River N-BEATS,AirlinePassengers (target only),46.40062994019599,55.29541301412617,26.505097499094028,0.07465648651123047,4.234040000000001
80,Forecasting,Deep River N-BEATS,AirlinePassengers (target only),46.14755147298178,55.09698849910787,26.113961327047562,0.07465648651123047,4.453176000000001
82,Forecasting,Deep River N-BEATS,AirlinePassengers (target only),45.71991909616363,54.657122606861094,25.705696281483334,0.07465648651123047,4.677681000000001
84,Forecasting,Deep River N-BEATS,AirlinePassengers (target only),45.27290138365731,54.20182927918998,25.29093393000046,0.07465648651123047,4.907940000000001
86,Forecasting,Deep River N-BEATS,AirlinePassengers (target only),44.71681591891504,53.68295590548648,24.85058912688946,0.07516002655029297,5.144162000000001
88,Forecasting,Deep River N-BEATS,AirlinePassengers (target only),45.13631427649296,54.18387823325436,24.667056360362835,0.07516002655029297,5.385714
90,Forecasting,Deep River N-BEATS,AirlinePassengers (target only),46.80880002622252,56.59872594916238,24.80540284026036,0.07516002655029297,5.632759
92,Forecasting,Deep River N-BEATS,AirlinePassengers (target only),47.094747460406765,57.047270784933005,24.619910396627343,0.07516002655029297,5.8852150000000005
94,Forecasting,Deep River N-BEATS,AirlinePassengers (target only),46.51499949786681,56.5556238330739,24.222993465677245,0.07516002655029297,6.143042
96,Forecasting,Deep River N-BEATS,AirlinePassengers (target only),46.32086563110352,56.28851301832895,23.938042858220246,0.07465648651123047,6.40664
98,Forecasting,Deep River N-BEATS,AirlinePassengers (target only),45.96169275815796,55.90978229877643,23.612167286564777,0.07465648651123047,6.676681
100,Forecasting,Deep River N-BEATS,AirlinePassengers (target only),45.80919291178387,55.76747313376708,23.325024133090512,0.07465648651123047,6.9526140000000005
102,Forecasting,Deep River N-BEATS,AirlinePassengers (target only),47.04295249390447,57.472515676192884,23.372759189157644,0.07465648651123047,7.233982
104,Forecasting,Deep River N-BEATS,AirlinePassengers (target only),47.2636937850561,57.88076542359302,23.21458547141642,0.07465648651123047,7.521384
106,Forecasting,Deep River N-BEATS,AirlinePassengers (target only),46.683172645808774,57.385262590549175,22.870015813001697,0.07465648651123047,7.814188000000001
108,Forecasting,Deep River N-BEATS,AirlinePassengers (target only),46.16734907362197,56.95427921869351,22.54230995793645,0.07465648651123047,8.112213
110,Forecasting,Deep River N-BEATS,AirlinePassengers (target only),46.20854131525214,56.85412305743766,22.36663226701494,0.07465648651123047,8.416057
112,Forecasting,Deep River N-BEATS,AirlinePassengers (target only),46.958470389956524,57.74950828675642,22.341289864121556,0.07465648651123047,8.725209
114,Forecasting,Deep River N-BEATS,AirlinePassengers (target only),48.64475656252856,60.48233211515204,22.498068335803904,0.07465648651123047,9.039625
116,Forecasting,Deep River N-BEATS,AirlinePassengers (target only),48.93955625336746,60.994912523448754,22.37076630210419,0.07465648651123047,9.359520999999999
118,Forecasting,Deep River N-BEATS,AirlinePassengers (target only),48.446108715682385,60.57740466640351,22.07762211239493,0.07465648651123047,9.684921
120,Forecasting,Deep River N-BEATS,AirlinePassengers (target only),48.27025773790148,60.347216793535836,21.85734617809799,0.07465648651123047,10.016
122,Forecasting,Deep River N-BEATS,AirlinePassengers (target only),47.90433723157873,60.024939247111895,21.59693288095326,0.07465648651123047,10.352487
124,Forecasting,Deep River N-BEATS,AirlinePassengers (target only),47.751279769405244,59.91180969720867,21.365751913012456,0.07465648651123047,10.694198
126,Forecasting,Deep River N-BEATS,AirlinePassengers (target only),48.567324441576766,60.89081838609722,21.317406191640945,0.07465648651123047,11.041339
128,Forecasting,Deep River N-BEATS,AirlinePassengers (target only),48.55866718292237,60.92711894582395,21.137506439147074,0.07465648651123047,11.393889000000001
129,Forecasting,Deep River N-BEATS,AirlinePassengers (target only),48.5183289993641,60.85506308079511,21.050060610036866,0.07465648651123047,11.749546000000002
20,Forecasting,Deep River N-BEATS,TrumpApproval (target only),14.169229075129188,16.942878084454044,43.544942314530694,0.07460308074951172,0.046959
40,Forecasting,Deep River N-BEATS,TrumpApproval (target only),8.82341737795766,12.32943338487545,25.903745240242902,0.07460308074951172,0.13981300000000002
60,Forecasting,Deep River N-BEATS,TrumpApproval (target only),6.591596642807005,10.157938373136876,18.94357038617885,0.07460308074951172,0.27876500000000004
80,Forecasting,Deep River N-BEATS,TrumpApproval (target only),5.087020600543975,8.807453055760302,14.564746764414624,0.07460308074951172,0.464449
100,Forecasting,Deep River N-BEATS,TrumpApproval (target only),4.141964635936483,7.880079946930313,11.840418230167284,0.07460308074951172,0.696795
120,Forecasting,Deep River N-BEATS,TrumpApproval (target only),3.5619202559704246,7.201541181351876,10.149126809061576,0.07460308074951172,0.975937
140,Forecasting,Deep River N-BEATS,TrumpApproval (target only),3.258230391025361,6.694891240496437,9.232210568198917,0.07460308074951172,1.301056
160,Forecasting,Deep River N-BEATS,TrumpApproval (target only),3.088600921599706,6.306644787693946,8.71535328712816,0.07460308074951172,1.676892
180,Forecasting,Deep River N-BEATS,TrumpApproval (target only),2.9015288791023535,5.971025412970952,8.166986917589135,0.07460308074951172,2.11204
200,Forecasting,Deep River N-BEATS,TrumpApproval (target only),2.6672807374669394,5.668742950744698,7.49453190166655,0.07460308074951172,2.605412
220,Forecasting,Deep River N-BEATS,TrumpApproval (target only),2.496449050780788,5.413411000686092,7.004166562577077,0.07510662078857422,3.15134
240,Forecasting,Deep River N-BEATS,TrumpApproval (target only),2.438936575779809,5.2156222399125305,6.821495354666781,0.07460308074951172,3.750094
260,Forecasting,Deep River N-BEATS,TrumpApproval (target only),2.2975017548229517,5.016051184717006,6.416562005453954,0.07460308074951172,4.4041999999999994
280,Forecasting,Deep River N-BEATS,TrumpApproval (target only),2.1546899576819287,4.834529092253218,6.015225459107132,0.07510662078857422,5.128290999999999
300,Forecasting,Deep River N-BEATS,TrumpApproval (target only),2.0400407168087433,4.672449701049017,5.690758496785023,0.07460308074951172,5.917316999999999
320,Forecasting,Deep River N-BEATS,TrumpApproval (target only),1.9800978752018616,4.535608173352777,5.505613096557679,0.07460308074951172,6.772351999999999
340,Forecasting,Deep River N-BEATS,TrumpApproval (target only),1.9173265181438977,4.407591941550175,5.316205017690989,0.07460308074951172,7.684472999999999
360,Forecasting,Deep River N-BEATS,TrumpApproval (target only),1.877507668806006,4.295215642087821,5.184181714698818,0.07460308074951172,8.644237999999998
380,Forecasting,Deep River N-BEATS,TrumpApproval (target only),1.8220884005445521,4.186024959212565,5.018324484589913,0.07460308074951172,9.649196999999997
400,Forecasting,Deep River N-BEATS,TrumpApproval (target only),1.745255856587474,4.080744691512706,4.802769900593894,0.07460308074951172,10.700420999999997
420,Forecasting,Deep River N-BEATS,TrumpApproval (target only),1.6829178909900002,3.984596798725507,4.624629010512204,0.07460308074951172,11.800726999999997
440,Forecasting,Deep River N-BEATS,TrumpApproval (target only),1.634048583071391,3.8958422968460593,4.479598900629426,0.07460308074951172,12.947090999999997
460,Forecasting,Deep River N-BEATS,TrumpApproval (target only),1.6238307802042202,3.8241641055961493,4.429883695794237,0.07460308074951172,14.137190999999996
480,Forecasting,Deep River N-BEATS,TrumpApproval (target only),1.5963008618687529,3.7500706547283156,4.340478426213613,0.07460308074951172,15.373619999999995
500,Forecasting,Deep River N-BEATS,TrumpApproval (target only),1.5499990783884687,3.6757897673776494,4.208574562692117,0.07460308074951172,16.653810999999994
520,Forecasting,Deep River N-BEATS,TrumpApproval (target only),1.5017060597172276,3.6050632105995963,4.07393013599503,0.07460308074951172,17.978935999999994
540,Forecasting,Deep River N-BEATS,TrumpApproval (target only),1.4601490193163087,3.5387418376912265,3.9570216784939842,0.07510662078857422,19.350464999999993
560,Forecasting,Deep River N-BEATS,TrumpApproval (target only),1.4359278414188572,3.479187516183259,3.8851686864507857,0.07460308074951172,20.76847799999999
580,Forecasting,Deep River N-BEATS,TrumpApproval (target only),1.4057498569677949,3.421044952276089,3.79714652281341,0.07460308074951172,22.23168999999999
600,Forecasting,Deep River N-BEATS,TrumpApproval (target only),1.376309103190613,3.366121212222303,3.711959444323732,0.07510662078857422,23.74440899999999
620,Forecasting,Deep River N-BEATS,TrumpApproval (target only),1.3438445527401177,3.3123699832041296,3.620477393826254,0.07460308074951172,25.30353099999999
640,Forecasting,Deep River N-BEATS,TrumpApproval (target only),1.3213917304679552,3.2631894270863695,3.5530813646657187,0.07460308074951172,26.908103999999987
660,Forecasting,Deep River N-BEATS,TrumpApproval (target only),1.299624438996132,3.2157211801532433,3.48931766913596,0.07460308074951172,28.559803999999986
680,Forecasting,Deep River N-BEATS,TrumpApproval (target only),1.2827681045273425,3.1713902052598897,3.439125847606339,0.07460308074951172,30.256817999999985
700,Forecasting,Deep River N-BEATS,TrumpApproval (target only),1.259715037126668,3.12728358919434,3.3751850862238864,0.07460308074951172,31.998956999999987
720,Forecasting,Deep River N-BEATS,TrumpApproval (target only),1.2414312995084125,3.0856857999332967,3.3212981217276973,0.07460308074951172,33.798414999999984
740,Forecasting,Deep River N-BEATS,TrumpApproval (target only),1.2228134846558438,3.0456276895692964,3.2674172742383316,0.07460308074951172,35.65284099999998
760,Forecasting,Deep River N-BEATS,TrumpApproval (target only),1.201545486214487,3.0065562425735206,3.2074784258915106,0.07460308074951172,37.55333599999998
780,Forecasting,Deep River N-BEATS,TrumpApproval (target only),1.1784312795247132,2.9683621191118923,3.143699411739029,0.07460308074951172,39.50106299999998
800,Forecasting,Deep River N-BEATS,TrumpApproval (target only),1.1615007665480293,2.932557748351151,3.094684930333712,0.07460308074951172,41.49638099999998
820,Forecasting,Deep River N-BEATS,TrumpApproval (target only),1.1460263925010863,2.8984297285215193,3.0503196493980704,0.07460308074951172,43.53858299999998
840,Forecasting,Deep River N-BEATS,TrumpApproval (target only),1.1248594047603298,2.864164652468733,2.9921279339069873,0.07460308074951172,45.63016099999998
860,Forecasting,Deep River N-BEATS,TrumpApproval (target only),1.1108149975395492,2.832336855648501,2.951187654173467,0.07510662078857422,47.76982499999998
880,Forecasting,Deep River N-BEATS,TrumpApproval (target only),1.0966867165882221,2.8014110521833486,2.9101732045424407,0.07460308074951172,49.95763299999998
900,Forecasting,Deep River N-BEATS,TrumpApproval (target only),1.077917441289039,2.77045550048934,2.8589206019598787,0.07460308074951172,52.19353399999998
920,Forecasting,Deep River N-BEATS,TrumpApproval (target only),1.0605857763188673,2.740635100696368,2.811450440992498,0.07510662078857422,54.47643299999998
940,Forecasting,Deep River N-BEATS,TrumpApproval (target only),1.0639148729619228,2.720170637012262,2.8142910963294927,0.07460308074951172,56.80555199999998
960,Forecasting,Deep River N-BEATS,TrumpApproval (target only),1.0794851964033119,2.7072042573985398,2.8461883567426347,0.07460308074951172,59.18123599999998
980,Forecasting,Deep River N-BEATS,TrumpApproval (target only),1.0698691607591062,2.6813642180282384,2.8183033049275155,0.07460308074951172,61.603074999999976
986,Forecasting,Deep River N-BEATS,TrumpApproval (target only),1.0664513420254773,2.6735865591997916,2.8086087706401974,0.07510662078857422,64.03947899999997
